mean_data_usage,mean_exec_time,total_calls,total_success,mean_data_usage,mean_exec_time,total_calls,total_success,mean_data_usage,mean_exec_time,total_calls,total_success,mean_data_usage,mean_exec_time,total_calls,total_success,mean_data_usage,mean_exec_time,total_calls,total_success,mean_data_usage,mean_exec_time,total_calls,total_success,label
0,0,0,0,2,2,2,2,3,3,3,3,5,5,5,5,7,7,7,7,11,11,11,11,
0.0,0.0,0,0,594.3800102360486,63.88325831192315,14844,14844,0.0,0.0,0,0,3807.3696798986207,62.0,401,401,600.288129967204,63.0,5827,5827,909.5595198036237,63.0,28277,28277,1
2240.0,63.0,3,3,573.1798022880799,63.774027652335235,8552,8552,0.0,0.0,0,0,4653.772052278896,62.0,244,244,600.1848509728552,63.0,3430,3430,901.3051235079379,63.0,20238,20238,1
1592.5,63.0,6,6,548.2216088712878,63.63658016133371,5351,5351,0.0,0.0,0,0,9460.250120102488,62.0,223,223,599.9592379124954,63.0,2430,2430,835.1697870625198,63.0,15091,15091,1
836.0,63.0,1,1,511.4689608416758,63.45225086604477,3550,3550,0.0,0.0,0,0,6629.337444128683,62.0,167,167,600.061146633709,63.0,1821,1821,804.3451887488309,63.0,12788,12788,1
0.0,0.0,0,0,470.1250825767756,63.291443007417975,2735,2735,1468.0,60.0,1,0,5365.498439543151,62.0,121,121,600.0533059231943,63.0,1452,1452,782.1708938482316,63.0,12950,12950,0
0.0,0.0,0,0,442.9745390607332,63.128275965135145,2167,2167,0.0,0.0,0,0,16261.922248803829,62.0,66,66,599.6239515494595,63.0,1042,1042,776.6581613615973,63.0,9721,9721,1
