job_title,company,salary,location,posted,job_url,company_url,source_page,summary
Senior Software Developer (Java/ .NET/ Node.Js),Công ty Cổ phần MISA,,,,https://www.topcv.vn/viec-lam/senior-software-developer-java-net-node-js/1882412.html?ta_source=SpotlightCompanyInSearchList_LinkDetail,https://www.topcv.vn/cong-ty/cong-ty-co-phan-misa/198409.html,https://www.topcv.vn/tim-viec-lam-lap-trinh-nhung?sba=1,"Mô tả công việc Participate in the full software development lifecycle: requirements analysis, design, development, testing, and deployment. Communicate with project managers or clients to understand project goals and provide status updates. Collaborate with cross-functional teams to deliver high-quality code on time. Contribute to system design and architecture discussions. Perform code reviews and provide technical guidance to junior developers. Work effectively in distributed, remote, or hybrid team environments. Follow development best practices and help improve internal processes. Yêu cầu ứng viên 5+ years of experience in software development (e.g., Java, .NET, Node.js, Angular, etc.). Professional fluency in English, both written and spoken, to read documentation, join team calls, and communicate tasks clearly. Experience working in or with software outsourcing/offshore delivery teams. Familiarity with Agile methodologies (Scrum, Kanban, etc.). Good problem-solving skills and at"
Customer Support Executive (Fluent In English And Korean),,,,,https://www.topcv.vn/viec-lam/customer-support-executive-fluent-in-english-and-korean/1872303.html?ta_source=SpotlightCompanyInSearchList_LinkDetail,https://www.topcv.vn/cong-ty/tek-experts-vietnam/21670.html,https://www.topcv.vn/tim-viec-lam-lap-trinh-nhung?sba=1,"Mô tả công việc Resolution Customer Acts as a primary contact for moderate to highly complex issues for customers. Communicates with customers to understand their issues and improve their experience. Effective end-to-end escalation management, driving fast and accurate resolutions for our customers. Leads strategic projects designed to improve resolution times and customer satisfaction and increase efficiency. Set and manage support expectations with customers. Escalation Handling Drive high-risk issues to resolution by establishing clear communication channels, documenting and tracking agreed actions, and maintaining an orchestration role across multiple stakeholders. Understand the cause of the issue, its business impact, and level of urgency from Customer and other stakeholders. Process Improvement Identifies systematic issues and process breakdowns. Pushes creative thinking beyond closed boundaries to come up with process improvements and new ways to delight customers. Creates an e"
Customer Service Specialist (English/Korean/Mandarin),,,,,https://www.topcv.vn/viec-lam/customer-service-specialist-english-korean-mandarin/1859087.html?ta_source=SpotlightCompanyInSearchList_LinkDetail,https://www.topcv.vn/cong-ty/tek-experts-vietnam/21670.html,https://www.topcv.vn/tim-viec-lam-lap-trinh-nhung?sba=1,"Mô tả công việc Resolution Customer Acts as a primary contact for moderate to highly complex issues for customers. Communicates with customers to understand their issues and improve their experience. Effective end-to-end escalation management, driving fast and accurate resolutions for our customers. Leads strategic projects designed to improve resolution times and customer satisfaction and increase efficiency. Set and manage support expectations with customers. Escalation Handling Drive high-risk issues to resolution by establishing clear communication channels, documenting and tracking agreed actions, and maintaining an orchestration role across multiple stakeholders. Understand the cause of the issue, its business impact, and level of urgency from Customer and other stakeholders. Process Improvement Identifies systematic issues and process breakdowns. Pushes creative thinking beyond closed boundaries to come up with process improvements and new ways to delight customers. Creates an e"
Kỹ Sư Phần Mềm Nhúng - Senior,,,,,https://www.topcv.vn/viec-lam/ky-su-phan-mem-nhung-senior/1884101.html?ta_source=JobSearchList_LinkDetail&u_sr_id=SDekc5iR3E8zrMq33PGAtk4bJ8rO8d1oUaGQukYX_1758639813,https://www.topcv.vn/cong-ty/cong-ty-tnhh-evselab/207038.html,https://www.topcv.vn/tim-viec-lam-lap-trinh-nhung?sba=1,"Mô tả công việc - Tham gia vào quá trình phát triển và tối ưu cho sản phẩm chú trọng các công việc về thiết kế các thành phần của phần mềm. - Phân tích yêu cầu và xây dựng đặc tả (System Requirement Spec). - Thiết kế HLD (High Level Design) cho phần mềm. - Thiết kế LLD cho các module thành phần. Yêu cầu ứng viên - Tốt nghiệp Đại học chuyên ngành CNTT hoặc ĐTVT - Có ít nhất 3 năm kinh nghiệm làm về phần mềm nhúng Linux, MCU hoặc Android Yêu cầu bắt buộc: - Thành thạo với cấu trúc system files của hệ điều hành Linux. - Thành thạo về lập trình C cơ bản: Makefile, biến, mảng, con trỏ, cấp phát bộ nhớ, File, List, Socket, Timer, Lock, Shared memory, Thread,... - Thành thạo việc sử dụng cross-compiler. - Có kinh nghiệm ngôn ngữ kịch bản: Shell script,... - Có kinh nghiệm lập trình với các drivers cho các phần cứng như: Wireless, USB, Flash, điều khiển I/O,... - Có kinh nghiệm lập trình Web cấu hình của thiết bị nhúng sử dụng HTML, CSS và JS. - Có kiến thức về Kernel Networking Data Path. - C"
Embedded Software Engineer (1 Year Contractor),,,,,https://www.topcv.vn/viec-lam/embedded-software-engineer-1-year-contractor/1886733.html?ta_source=JobSearchList_LinkDetail&u_sr_id=SDekc5iR3E8zrMq33PGAtk4bJ8rO8d1oUaGQukYX_1758639813,https://www.topcv.vn/cong-ty/cong-ty-tnhh-bosch-global-software-technologies/91063.html,https://www.topcv.vn/tim-viec-lam-lap-trinh-nhung?sba=1,"Mô tả công việc This position will be contracted through Bosch’s external vendor under a one-year agreement. Develop and maintain embedded software for automotive systems, based on AUTOSAR Classic. Collaborate with cross-functional teams to ensure seamless integration of software components. Conduct code reviews and ensure best practices are followed in software development. Optimize software performance and memory usage for resource-constrained embedded systems. Develop and execute unit tests and integration tests to ensure software quality and reliability. Troubleshoot and debug complex software issues in embedded automotive systems. Participate in the full software development lifecycle, from requirements analysis to deployment and maintenance. Stay updated with the latest AUTOSAR specifications and implement compliant software solutions. Contribute to the development of software architecture and design documents. Collaborate with hardware engineers to ensure optimal software-hardwa"
"Trợ Lý Ứng Dụng AI (Domain ERP, EdTech)- Senior BA",,,,,https://www.topcv.vn/viec-lam/tro-ly-ung-dung-ai-domain-erp-edtech-senior-ba/1883817.html?ta_source=JobSearchList_LinkDetail&u_sr_id=SDekc5iR3E8zrMq33PGAtk4bJ8rO8d1oUaGQukYX_1758639813,https://www.topcv.vn/cong-ty/vnpt-technology-cong-ty-co-phan-cong-nghe-cong-nghiep-buu-chinh-vien-thong/23782.html,https://www.topcv.vn/tim-viec-lam-lap-trinh-nhung?sba=1,"Mô tả công việc Nghiên cứu và đánh giá các công cụ AI phù hợp từng phòng ban; đề xuất giải pháp tối ưu về hiệu quả, chi phí và khả năng ứng dụng. Thiết kế và triển khai thử nghiệm công cụ AI; phối hợp các phòng ban để lấy phản hồi và điều chỉnh trước khi đóng gói. Theo dõi tiến độ ứng dụng AI, cập nhật kết quả định kỳ và đưa ra giải pháp cải thiện. Hoàn thiện quy trình ứng dụng nội bộ, phối hợp với kinh doanh triển khai sản phẩm AI cho khách hàng. Lập báo cáo tiến độ và đánh giá hiệu quả triển khai, xây dựng kế hoạch phát triển tiếp theo. Yêu cầu ứng viên Trình độ: Tốt nghiệp đại học ngành Công nghệ thông tin, Khoa học máy tính, hoặc các ngành liên quan. Kinh nghiệm: Có kinh nghiệm làm việc với các công cụ và giải pháp AI Kỹ năng: - Kỹ năng nghiên cứu và phân tích tốt, khả năng đề xuất giải pháp công nghệ sáng tạo. - Kỹ năng giao tiếp tốt, có khả năng làm việc nhóm và phối hợp với nhiều phòng ban. - Kỹ năng lập kế hoạch & bám đuổi mục tiêu - Kỹ năng xây dựng và duy trì mối quan hệ với "
Chuyên Viên Phân Tích Công Nghệ/Middle BA,,,,,https://www.topcv.vn/viec-lam/chuyen-vien-phan-tich-cong-nghe-middle-ba/1883006.html?ta_source=JobSearchList_LinkDetail&u_sr_id=SDekc5iR3E8zrMq33PGAtk4bJ8rO8d1oUaGQukYX_1758639813,https://www.topcv.vn/cong-ty/cong-ty-co-phan-dau-tu-giao-duc-va-phat-trien-cong-nghe-quoc-te-langmaster/56.html,https://www.topcv.vn/tim-viec-lam-lap-trinh-nhung?sba=1,"Mô tả công việc 1. Nghiên cứu & Đề xuất công cụ AI Khảo sát, đánh giá và lựa chọn các công cụ AI phù hợp cho từng phòng ban. Đưa ra đề xuất tối ưu dựa trên hiệu quả, chi phí và khả năng ứng dụng thực tế. 2. Thử nghiệm & Đóng gói giải pháp Thiết kế quy trình thử nghiệm AI theo từng nghiệp vụ cụ thể. Phối hợp cùng các team liên quan để test, lấy feedback và tinh chỉnh trước khi triển khai chính thức. 3. Theo dõi tiến độ & Tối ưu ứng dụng AI Làm việc trực tiếp với các lead phòng ban để đảm bảo tiến độ triển khai theo kế hoạch. Báo cáo định kỳ, đánh giá hiệu quả và đề xuất cải tiến kịp thời. 4. Đóng gói & Triển khai cho khách hàng Hoàn thiện quy trình AI nội bộ trước khi thương mại hóa sản phẩm. Đồng hành cùng team Kinh doanh trong việc giới thiệu, triển khai cho khách hàng. Hỗ trợ khách hàng sử dụng, ghi nhận phản hồi để tối ưu sản phẩm. 5. Báo cáo & Phát triển sản phẩm Cập nhật tiến độ nghiên cứu, thử nghiệm và triển khai hàng tuần. Đánh giá hiệu quả thực thi, đưa ra định hướng tiếp theo"
Trợ Lý Công Nghệ/Senior BA,,,,,https://www.topcv.vn/viec-lam/tro-ly-cong-nghe-senior-ba/1882982.html?ta_source=JobSearchList_LinkDetail&u_sr_id=SDekc5iR3E8zrMq33PGAtk4bJ8rO8d1oUaGQukYX_1758639813,https://www.topcv.vn/cong-ty/vnpt-technology-cong-ty-co-phan-cong-nghe-cong-nghiep-buu-chinh-vien-thong/23782.html,https://www.topcv.vn/tim-viec-lam-lap-trinh-nhung?sba=1,"Mô tả công việc 1.1. Nghiên cứu và đề xuất công cụ AI: - Tìm hiểu và đánh giá các công cụ AI tiềm năng, phù hợp với từng phòng ban trong công ty. - Đề xuất các công cụ AI tốt nhất dựa trên hiệu quả, chi phí, và tính ứng dụng. 1.2. Thử nghiệm và đóng gói giải pháp AI: - Thiết kế quy trình thử nghiệm các công cụ AI trên các quy trình cụ thể của từng phòng ban. - Phối hợp với các team liên quan để thử nghiệm, thu thập phản hồi và điều chỉnh các giải pháp AI trước khi đóng gói. 1.3. Theo dõi và đảm bảo tiến độ ứng dụng AI: - Phối hợp với các lead của các phòng ban để theo dõi và đôn đốc tiến độ triển khai AI theo kế hoạch. - Cập nhật tình hình hàng tuần, đánh giá kết quả và đưa ra đề xuất cải thiện khi cần thiết. 1.4. Đóng gói và triển khai sản phẩm AI cho khách hàng: - Hoàn thiện quy trình ứng dụng AI nội bộ trước khi đóng gói sản phẩm. - Phối hợp với đội ngũ kinh doanh giới thiệu và triển khai sản phẩm AI cho khách hàng bên ngoài. - Hỗ trợ khách hàng cài đặt, sử dụng sản phẩm AI, thu thậ"
Senior Embedded Engineer - Signing Bonus Up To 60M,,,,,https://www.topcv.vn/viec-lam/senior-embedded-engineer-signing-bonus-up-to-60m/1880014.html?ta_source=JobSearchList_LinkDetail&u_sr_id=SDekc5iR3E8zrMq33PGAtk4bJ8rO8d1oUaGQukYX_1758639813,https://www.topcv.vn/cong-ty/cong-ty-co-phan-tap-doan-karofi/201109.html,https://www.topcv.vn/tim-viec-lam-lap-trinh-nhung?sba=1,"Mô tả công việc ABOUT FPT SOFTWARE FPT Software, a subsidiary of FPT Group, is a leading global IT service provider headquartered in Vietnam. With 33,000+ employees in 88 offices across 30 countries, we serve 1,100+ clients, including 96 Fortune 500 companies. We believe diversity fuels innovation and strive to create an inclusive workplace where talents of all backgrounds thrive. We welcome expatriates and international professionals to bring fresh perspectives and help shape the future of technology JOB OVERVIEW • AUTOSAR BSW platform development & verification with ETAS ISOLAR Technology cover • Common communication protocol such as: CAN, ETH, LIN, DIAG • ASPICE / Functional safety • AUTOSAR Classic (Rte, Os, Crypto, etc.) RESPONSIBILITIES We define the role as following: Specific activities • Working on project related AUTOSAR platform-based ETAS ISOLAR for OBC, DCDC, ICCU • Collaborate with customer project team in Korea to define technical problems and solutions, define quality o"
Embedded Engineer,CÔNG TY TNHH MIJO CONNECTED VIETNAM,,,,https://www.topcv.vn/viec-lam/embedded-engineer/1878871.html?ta_source=JobSearchList_LinkDetail&u_sr_id=SDekc5iR3E8zrMq33PGAtk4bJ8rO8d1oUaGQukYX_1758639813,https://www.topcv.vn/cong-ty/cong-ty-tnhh-mijo-connected-vietnam/235474.html,https://www.topcv.vn/tim-viec-lam-lap-trinh-nhung?sba=1,"Mô tả công việc ● Phát triển middleware, system service và application layer trên Embedded Linux (Yocto/Buildroot). ● Bring-up và tùy chỉnh Linux kernel, cấu hình và tích hợp driver (V4L2, ISP, peripheral). ● Thiết kế và triển khai API điều khiển (focus/ zoom/ iris), quản lý peripheral qua I2C, SPI, UART, PWM. ● Kết nối camera với flight controller (MAVLink, OSDK, CAN) và tối ưu video streaming với latency thấp. ● Tích hợp camera với gimbal, ground station, expose API điều khiển từ xa. ● Debug và tối ưu hệ thống (latency, memory, CPU, power), profiling hiệu suất, log analysis. ● Phối hợp với các cross-team để đảm bảo hệ thống hoạt động ổn định, hiệu suất cao. Yêu cầu ứng viên ● Tốt nghiệp đại học chuyên ngành Điện tử – Viễn thông, Kỹ thuật Máy tính, Tự động hóa, Cơ điện tử hoặc tương đương. ● Ít nhất 2 năm kinh nghiệm trong lập trình nhúng, đặc biệt là phát triển phần mềm trên các nền tảng Linux Embedded: Yocto, Buildroot, U-Boot, Device Tree. ● Thành thạo trong việc lập trình với C, C"
Customer Support Executive (Fluent In English And Mandarin/Cantonese),Tek Experts Vietnam,,,,https://www.topcv.vn/viec-lam/customer-support-executive-fluent-in-english-and-mandarin-cantonese/1872284.html?ta_source=SpotlightCompanyInSearchList_LinkDetail,https://www.topcv.vn/cong-ty/tek-experts-vietnam/21670.html,https://www.topcv.vn/tim-viec-lam-lap-trinh-nhung?sba=1,"Mô tả công việc Resolution Customer Acts as a primary contact for moderate to highly complex issues for customers. Communicates with customers to understand their issues and improve their experience. Effective end-to-end escalation management, driving fast and accurate resolutions for our customers. Leads strategic projects designed to improve resolution times and customer satisfaction and increase efficiency. Set and manage support expectations with customers. Escalation Handling Drive high-risk issues to resolution by establishing clear communication channels, documenting and tracking agreed actions, and maintaining an orchestration role across multiple stakeholders. Understand the cause of the issue, its business impact, and level of urgency from Customer and other stakeholders. Process Improvement Identifies systematic issues and process breakdowns. Pushes creative thinking beyond closed boundaries to come up with process improvements and new ways to delight customers. Creates an e"
Kỹ Sư Phần Mềm Nhúng - Senior,,,,,https://www.topcv.vn/viec-lam/ky-su-phan-mem-nhung-senior/1884101.html?ta_source=JobSearchList_LinkDetail&u_sr_id=OLvExRlAqs5KkUK25E759cDjmfEq2hrb7Trr9XwZ_1758646253,https://www.topcv.vn/cong-ty/cong-ty-tnhh-mijo-connected-vietnam/235474.html,https://www.topcv.vn/tim-viec-lam-lap-trinh-nhung?sba=1,"Mô tả công việc - Tham gia vào quá trình phát triển và tối ưu cho sản phẩm chú trọng các công việc về thiết kế các thành phần của phần mềm. - Phân tích yêu cầu và xây dựng đặc tả (System Requirement Spec). - Thiết kế HLD (High Level Design) cho phần mềm. - Thiết kế LLD cho các module thành phần. Yêu cầu ứng viên - Tốt nghiệp Đại học chuyên ngành CNTT hoặc ĐTVT - Có ít nhất 3 năm kinh nghiệm làm về phần mềm nhúng Linux, MCU hoặc Android Yêu cầu bắt buộc: - Thành thạo với cấu trúc system files của hệ điều hành Linux. - Thành thạo về lập trình C cơ bản: Makefile, biến, mảng, con trỏ, cấp phát bộ nhớ, File, List, Socket, Timer, Lock, Shared memory, Thread,... - Thành thạo việc sử dụng cross-compiler. - Có kinh nghiệm ngôn ngữ kịch bản: Shell script,... - Có kinh nghiệm lập trình với các drivers cho các phần cứng như: Wireless, USB, Flash, điều khiển I/O,... - Có kinh nghiệm lập trình Web cấu hình của thiết bị nhúng sử dụng HTML, CSS và JS. - Có kiến thức về Kernel Networking Data Path. - C"
Embedded Software Engineer (1 Year Contractor),Công ty Cổ phần MISA,,,,https://www.topcv.vn/viec-lam/embedded-software-engineer-1-year-contractor/1886733.html?ta_source=JobSearchList_LinkDetail&u_sr_id=OLvExRlAqs5KkUK25E759cDjmfEq2hrb7Trr9XwZ_1758646253,https://www.topcv.vn/cong-ty/cong-ty-co-phan-misa/198409.html,https://www.topcv.vn/tim-viec-lam-lap-trinh-nhung?sba=1,"Mô tả công việc This position will be contracted through Bosch’s external vendor under a one-year agreement. Develop and maintain embedded software for automotive systems, based on AUTOSAR Classic. Collaborate with cross-functional teams to ensure seamless integration of software components. Conduct code reviews and ensure best practices are followed in software development. Optimize software performance and memory usage for resource-constrained embedded systems. Develop and execute unit tests and integration tests to ensure software quality and reliability. Troubleshoot and debug complex software issues in embedded automotive systems. Participate in the full software development lifecycle, from requirements analysis to deployment and maintenance. Stay updated with the latest AUTOSAR specifications and implement compliant software solutions. Contribute to the development of software architecture and design documents. Collaborate with hardware engineers to ensure optimal software-hardwa"
"Trợ Lý Ứng Dụng AI (Domain ERP, EdTech)- Senior BA",VNPT Technology - Công ty Cổ phần Công nghệ Công nghiệp Bưu chính viễn thông,,,,https://www.topcv.vn/viec-lam/tro-ly-ung-dung-ai-domain-erp-edtech-senior-ba/1883817.html?ta_source=JobSearchList_LinkDetail&u_sr_id=OLvExRlAqs5KkUK25E759cDjmfEq2hrb7Trr9XwZ_1758646253,https://www.topcv.vn/cong-ty/vnpt-technology-cong-ty-co-phan-cong-nghe-cong-nghiep-buu-chinh-vien-thong/23782.html,https://www.topcv.vn/tim-viec-lam-lap-trinh-nhung?sba=1,"Mô tả công việc Nghiên cứu và đánh giá các công cụ AI phù hợp từng phòng ban; đề xuất giải pháp tối ưu về hiệu quả, chi phí và khả năng ứng dụng. Thiết kế và triển khai thử nghiệm công cụ AI; phối hợp các phòng ban để lấy phản hồi và điều chỉnh trước khi đóng gói. Theo dõi tiến độ ứng dụng AI, cập nhật kết quả định kỳ và đưa ra giải pháp cải thiện. Hoàn thiện quy trình ứng dụng nội bộ, phối hợp với kinh doanh triển khai sản phẩm AI cho khách hàng. Lập báo cáo tiến độ và đánh giá hiệu quả triển khai, xây dựng kế hoạch phát triển tiếp theo. Yêu cầu ứng viên Trình độ: Tốt nghiệp đại học ngành Công nghệ thông tin, Khoa học máy tính, hoặc các ngành liên quan. Kinh nghiệm: Có kinh nghiệm làm việc với các công cụ và giải pháp AI Kỹ năng: - Kỹ năng nghiên cứu và phân tích tốt, khả năng đề xuất giải pháp công nghệ sáng tạo. - Kỹ năng giao tiếp tốt, có khả năng làm việc nhóm và phối hợp với nhiều phòng ban. - Kỹ năng lập kế hoạch & bám đuổi mục tiêu - Kỹ năng xây dựng và duy trì mối quan hệ với "
Chuyên Viên Phân Tích Công Nghệ/Middle BA,,,,,https://www.topcv.vn/viec-lam/chuyen-vien-phan-tich-cong-nghe-middle-ba/1883006.html?ta_source=JobSearchList_LinkDetail&u_sr_id=OLvExRlAqs5KkUK25E759cDjmfEq2hrb7Trr9XwZ_1758646253,https://www.topcv.vn/cong-ty/vnpt-technology-cong-ty-co-phan-cong-nghe-cong-nghiep-buu-chinh-vien-thong/23782.html,https://www.topcv.vn/tim-viec-lam-lap-trinh-nhung?sba=1,"Mô tả công việc 1. Nghiên cứu & Đề xuất công cụ AI Khảo sát, đánh giá và lựa chọn các công cụ AI phù hợp cho từng phòng ban. Đưa ra đề xuất tối ưu dựa trên hiệu quả, chi phí và khả năng ứng dụng thực tế. 2. Thử nghiệm & Đóng gói giải pháp Thiết kế quy trình thử nghiệm AI theo từng nghiệp vụ cụ thể. Phối hợp cùng các team liên quan để test, lấy feedback và tinh chỉnh trước khi triển khai chính thức. 3. Theo dõi tiến độ & Tối ưu ứng dụng AI Làm việc trực tiếp với các lead phòng ban để đảm bảo tiến độ triển khai theo kế hoạch. Báo cáo định kỳ, đánh giá hiệu quả và đề xuất cải tiến kịp thời. 4. Đóng gói & Triển khai cho khách hàng Hoàn thiện quy trình AI nội bộ trước khi thương mại hóa sản phẩm. Đồng hành cùng team Kinh doanh trong việc giới thiệu, triển khai cho khách hàng. Hỗ trợ khách hàng sử dụng, ghi nhận phản hồi để tối ưu sản phẩm. 5. Báo cáo & Phát triển sản phẩm Cập nhật tiến độ nghiên cứu, thử nghiệm và triển khai hàng tuần. Đánh giá hiệu quả thực thi, đưa ra định hướng tiếp theo"
Trợ Lý Công Nghệ/Senior BA,,,,,https://www.topcv.vn/viec-lam/tro-ly-cong-nghe-senior-ba/1882982.html?ta_source=JobSearchList_LinkDetail&u_sr_id=OLvExRlAqs5KkUK25E759cDjmfEq2hrb7Trr9XwZ_1758646253,https://www.topcv.vn/cong-ty/vnpt-technology-cong-ty-co-phan-cong-nghe-cong-nghiep-buu-chinh-vien-thong/23782.html,https://www.topcv.vn/tim-viec-lam-lap-trinh-nhung?sba=1,"Mô tả công việc 1.1. Nghiên cứu và đề xuất công cụ AI: - Tìm hiểu và đánh giá các công cụ AI tiềm năng, phù hợp với từng phòng ban trong công ty. - Đề xuất các công cụ AI tốt nhất dựa trên hiệu quả, chi phí, và tính ứng dụng. 1.2. Thử nghiệm và đóng gói giải pháp AI: - Thiết kế quy trình thử nghiệm các công cụ AI trên các quy trình cụ thể của từng phòng ban. - Phối hợp với các team liên quan để thử nghiệm, thu thập phản hồi và điều chỉnh các giải pháp AI trước khi đóng gói. 1.3. Theo dõi và đảm bảo tiến độ ứng dụng AI: - Phối hợp với các lead của các phòng ban để theo dõi và đôn đốc tiến độ triển khai AI theo kế hoạch. - Cập nhật tình hình hàng tuần, đánh giá kết quả và đưa ra đề xuất cải thiện khi cần thiết. 1.4. Đóng gói và triển khai sản phẩm AI cho khách hàng: - Hoàn thiện quy trình ứng dụng AI nội bộ trước khi đóng gói sản phẩm. - Phối hợp với đội ngũ kinh doanh giới thiệu và triển khai sản phẩm AI cho khách hàng bên ngoài. - Hỗ trợ khách hàng cài đặt, sử dụng sản phẩm AI, thu thậ"
Senior Embedded Engineer - Signing Bonus Up To 60M,,,,,https://www.topcv.vn/viec-lam/senior-embedded-engineer-signing-bonus-up-to-60m/1880014.html?ta_source=JobSearchList_LinkDetail&u_sr_id=OLvExRlAqs5KkUK25E759cDjmfEq2hrb7Trr9XwZ_1758646253,https://www.topcv.vn/cong-ty/cong-ty-co-phan-tap-doan-karofi/201109.html,https://www.topcv.vn/tim-viec-lam-lap-trinh-nhung?sba=1,"Mô tả công việc ABOUT FPT SOFTWARE FPT Software, a subsidiary of FPT Group, is a leading global IT service provider headquartered in Vietnam. With 33,000+ employees in 88 offices across 30 countries, we serve 1,100+ clients, including 96 Fortune 500 companies. We believe diversity fuels innovation and strive to create an inclusive workplace where talents of all backgrounds thrive. We welcome expatriates and international professionals to bring fresh perspectives and help shape the future of technology JOB OVERVIEW • AUTOSAR BSW platform development & verification with ETAS ISOLAR Technology cover • Common communication protocol such as: CAN, ETH, LIN, DIAG • ASPICE / Functional safety • AUTOSAR Classic (Rte, Os, Crypto, etc.) RESPONSIBILITIES We define the role as following: Specific activities • Working on project related AUTOSAR platform-based ETAS ISOLAR for OBC, DCDC, ICCU • Collaborate with customer project team in Korea to define technical problems and solutions, define quality o"
Embedded Engineer,,,,,https://www.topcv.vn/viec-lam/embedded-engineer/1878871.html?ta_source=JobSearchList_LinkDetail&u_sr_id=OLvExRlAqs5KkUK25E759cDjmfEq2hrb7Trr9XwZ_1758646253,https://www.topcv.vn/cong-ty/cong-ty-tnhh-mijo-connected-vietnam/235474.html,https://www.topcv.vn/tim-viec-lam-lap-trinh-nhung?sba=1,"Mô tả công việc ● Phát triển middleware, system service và application layer trên Embedded Linux (Yocto/Buildroot). ● Bring-up và tùy chỉnh Linux kernel, cấu hình và tích hợp driver (V4L2, ISP, peripheral). ● Thiết kế và triển khai API điều khiển (focus/ zoom/ iris), quản lý peripheral qua I2C, SPI, UART, PWM. ● Kết nối camera với flight controller (MAVLink, OSDK, CAN) và tối ưu video streaming với latency thấp. ● Tích hợp camera với gimbal, ground station, expose API điều khiển từ xa. ● Debug và tối ưu hệ thống (latency, memory, CPU, power), profiling hiệu suất, log analysis. ● Phối hợp với các cross-team để đảm bảo hệ thống hoạt động ổn định, hiệu suất cao. Yêu cầu ứng viên ● Tốt nghiệp đại học chuyên ngành Điện tử – Viễn thông, Kỹ thuật Máy tính, Tự động hóa, Cơ điện tử hoặc tương đương. ● Ít nhất 2 năm kinh nghiệm trong lập trình nhúng, đặc biệt là phát triển phần mềm trên các nền tảng Linux Embedded: Yocto, Buildroot, U-Boot, Device Tree. ● Thành thạo trong việc lập trình với C, C"
Senior Embedded Engineer,,,,,https://www.topcv.vn/viec-lam/senior-embedded-engineer/1876454.html?ta_source=JobSearchList_LinkDetail&u_sr_id=OLvExRlAqs5KkUK25E759cDjmfEq2hrb7Trr9XwZ_1758646253,https://www.topcv.vn/cong-ty/cong-ty-tnhh-mijo-connected-vietnam/235474.html,https://www.topcv.vn/tim-viec-lam-lap-trinh-nhung?sba=1,"Mô tả công việc Are you passionate about embedded systems and excited about building the future of autonomous vehicles? Join Kaii Soft, a dynamic software company partnering with top-tier Korean firms to develop cutting-edge embedded systems for self-driving cars. We’re looking for experienced Embedded Software Engineers who love problem-solving, working close to hardware, and growing in a global tech environment. What You’ll Do Develop Linux BSP (Board Support Package) based on Renesas ARM CPU Perform hardware bring-up, Linux porting, and bootloader setup (e.g., U-Boot) Develop Linux device drivers and integrate/test on real hardware Support documentation and collaborate cross-functionally Handle additional embedded tasks as assigned Yêu cầu ứng viên What We Expect Bachelor's degree in Computer Science, Information Technology, or related fields 5+ years of experience in embedded Linux, BSP, bootloaders, and driver development Strong skills in C/C++ and Python Experience with Yocto or "
"Team Lead - Kỹ Sư Phần Mềm Nhúng Phần Mềm Thiết Bị Y Tế (Hệ Điều Hành Thời Gian Thực , Phát Triển UI)",,,,,https://www.topcv.vn/viec-lam/team-lead-ky-su-phan-mem-nhung-phan-mem-thiet-bi-y-te-he-dieu-hanh-thoi-gian-thuc-phat-trien-ui/1857165.html?ta_source=JobSearchList_LinkDetail&u_sr_id=OLvExRlAqs5KkUK25E759cDjmfEq2hrb7Trr9XwZ_1758646253,https://www.topcv.vn/cong-ty/cong-ty-tnhh-metadata-solutions/124542.html,https://www.topcv.vn/tim-viec-lam-lap-trinh-nhung?sba=1,"Mô tả công việc Nơi làm việc (Tên công ty): :Nihon Kohden Corporation Địa điểm làm việc: :R TECHNO VIETNAM CO., LTD Ngày phỏng vấn: ngày 03 tháng 10 (Thứ Sáu) Ngày bắt đầu làm việc: :ngày 4 tháng 11 năm 2025 (dự kiến) Thiết bị y tế là những sản phẩm có ý nghĩa xã hội cao, giúp ""bảo vệ tính mạng con người"". Những điểm hấp dẫn của công việc - Thiết bị y tế là những sản phẩm có ý nghĩa xã hội cao, giúp ""bảo vệ tính mạng con người"". - Bạn sẽ tham gia vào việc phát triển phần mềm cho các thiết bị như máy AED và máy theo dõi sinh học, góp phần đưa những thiết bị y tế tiên tiến ra thị trường. - Bạn sẽ đảm nhận một vai trò quan trọng trong việc kết hợp giao diện người dùng (UI) có tính dễ sử dụng cao được phát triển bằng Qt và hệ thống điều khiển có độ tin cậy cao trên hệ điều hành thời gian thực để hiện thực hóa ""sự an toàn và bảo mật"" mà môi trường y tế yêu cầu. - Đây là một môi trường lý tưởng cho những ai muốn ""kết nối năng lực kỹ thuật để đóng góp cho xã hội"" và ""thử thách phát triển phần"
Kỹ Sư Phần Mềm Nhúng - Senior,CÔNG TY CỔ PHẦN UDATA,,,,https://www.topcv.vn/viec-lam/ky-su-phan-mem-nhung-senior/1884101.html?ta_source=JobSearchList_LinkDetail&u_sr_id=ueli5qJyHDT9VeHbdMLlhRuhMbKmKFbMFJEUC7Dj_1758647969,https://www.topcv.vn/cong-ty/cong-ty-co-phan-udata/201604.html,https://www.topcv.vn/tim-viec-lam-lap-trinh-nhung?sba=1,"Mô tả công việc - Tham gia vào quá trình phát triển và tối ưu cho sản phẩm chú trọng các công việc về thiết kế các thành phần của phần mềm. - Phân tích yêu cầu và xây dựng đặc tả (System Requirement Spec). - Thiết kế HLD (High Level Design) cho phần mềm. - Thiết kế LLD cho các module thành phần. Yêu cầu ứng viên - Tốt nghiệp Đại học chuyên ngành CNTT hoặc ĐTVT - Có ít nhất 3 năm kinh nghiệm làm về phần mềm nhúng Linux, MCU hoặc Android Yêu cầu bắt buộc: - Thành thạo với cấu trúc system files của hệ điều hành Linux. - Thành thạo về lập trình C cơ bản: Makefile, biến, mảng, con trỏ, cấp phát bộ nhớ, File, List, Socket, Timer, Lock, Shared memory, Thread,... - Thành thạo việc sử dụng cross-compiler. - Có kinh nghiệm ngôn ngữ kịch bản: Shell script,... - Có kinh nghiệm lập trình với các drivers cho các phần cứng như: Wireless, USB, Flash, điều khiển I/O,... - Có kinh nghiệm lập trình Web cấu hình của thiết bị nhúng sử dụng HTML, CSS và JS. - Có kiến thức về Kernel Networking Data Path. - C"
Embedded Software Engineer (1 Year Contractor),CÔNG TY CỔ PHẦN EVERSTAR GLOBAL,,,,https://www.topcv.vn/viec-lam/embedded-software-engineer-1-year-contractor/1886733.html?ta_source=JobSearchList_LinkDetail&u_sr_id=ueli5qJyHDT9VeHbdMLlhRuhMbKmKFbMFJEUC7Dj_1758647969,https://www.topcv.vn/cong-ty/cong-ty-co-phan-everstar-global/147765.html,https://www.topcv.vn/tim-viec-lam-lap-trinh-nhung?sba=1,"Mô tả công việc This position will be contracted through Bosch’s external vendor under a one-year agreement. Develop and maintain embedded software for automotive systems, based on AUTOSAR Classic. Collaborate with cross-functional teams to ensure seamless integration of software components. Conduct code reviews and ensure best practices are followed in software development. Optimize software performance and memory usage for resource-constrained embedded systems. Develop and execute unit tests and integration tests to ensure software quality and reliability. Troubleshoot and debug complex software issues in embedded automotive systems. Participate in the full software development lifecycle, from requirements analysis to deployment and maintenance. Stay updated with the latest AUTOSAR specifications and implement compliant software solutions. Contribute to the development of software architecture and design documents. Collaborate with hardware engineers to ensure optimal software-hardwa"
"Trợ Lý Ứng Dụng AI (Domain ERP, EdTech)- Senior BA",VNPT Technology - Công ty Cổ phần Công nghệ Công nghiệp Bưu chính viễn thông,,,,https://www.topcv.vn/viec-lam/tro-ly-ung-dung-ai-domain-erp-edtech-senior-ba/1883817.html?ta_source=JobSearchList_LinkDetail&u_sr_id=ueli5qJyHDT9VeHbdMLlhRuhMbKmKFbMFJEUC7Dj_1758647969,https://www.topcv.vn/cong-ty/vnpt-technology-cong-ty-co-phan-cong-nghe-cong-nghiep-buu-chinh-vien-thong/23782.html,https://www.topcv.vn/tim-viec-lam-lap-trinh-nhung?sba=1,"Mô tả công việc Nghiên cứu và đánh giá các công cụ AI phù hợp từng phòng ban; đề xuất giải pháp tối ưu về hiệu quả, chi phí và khả năng ứng dụng. Thiết kế và triển khai thử nghiệm công cụ AI; phối hợp các phòng ban để lấy phản hồi và điều chỉnh trước khi đóng gói. Theo dõi tiến độ ứng dụng AI, cập nhật kết quả định kỳ và đưa ra giải pháp cải thiện. Hoàn thiện quy trình ứng dụng nội bộ, phối hợp với kinh doanh triển khai sản phẩm AI cho khách hàng. Lập báo cáo tiến độ và đánh giá hiệu quả triển khai, xây dựng kế hoạch phát triển tiếp theo. Yêu cầu ứng viên Trình độ: Tốt nghiệp đại học ngành Công nghệ thông tin, Khoa học máy tính, hoặc các ngành liên quan. Kinh nghiệm: Có kinh nghiệm làm việc với các công cụ và giải pháp AI Kỹ năng: - Kỹ năng nghiên cứu và phân tích tốt, khả năng đề xuất giải pháp công nghệ sáng tạo. - Kỹ năng giao tiếp tốt, có khả năng làm việc nhóm và phối hợp với nhiều phòng ban. - Kỹ năng lập kế hoạch & bám đuổi mục tiêu - Kỹ năng xây dựng và duy trì mối quan hệ với "
Chuyên Viên Phân Tích Công Nghệ/Middle BA,,,,,https://www.topcv.vn/viec-lam/chuyen-vien-phan-tich-cong-nghe-middle-ba/1883006.html?ta_source=JobSearchList_LinkDetail&u_sr_id=ueli5qJyHDT9VeHbdMLlhRuhMbKmKFbMFJEUC7Dj_1758647969,https://www.topcv.vn/cong-ty/vnpt-technology-cong-ty-co-phan-cong-nghe-cong-nghiep-buu-chinh-vien-thong/23782.html,https://www.topcv.vn/tim-viec-lam-lap-trinh-nhung?sba=1,"Mô tả công việc 1. Nghiên cứu & Đề xuất công cụ AI Khảo sát, đánh giá và lựa chọn các công cụ AI phù hợp cho từng phòng ban. Đưa ra đề xuất tối ưu dựa trên hiệu quả, chi phí và khả năng ứng dụng thực tế. 2. Thử nghiệm & Đóng gói giải pháp Thiết kế quy trình thử nghiệm AI theo từng nghiệp vụ cụ thể. Phối hợp cùng các team liên quan để test, lấy feedback và tinh chỉnh trước khi triển khai chính thức. 3. Theo dõi tiến độ & Tối ưu ứng dụng AI Làm việc trực tiếp với các lead phòng ban để đảm bảo tiến độ triển khai theo kế hoạch. Báo cáo định kỳ, đánh giá hiệu quả và đề xuất cải tiến kịp thời. 4. Đóng gói & Triển khai cho khách hàng Hoàn thiện quy trình AI nội bộ trước khi thương mại hóa sản phẩm. Đồng hành cùng team Kinh doanh trong việc giới thiệu, triển khai cho khách hàng. Hỗ trợ khách hàng sử dụng, ghi nhận phản hồi để tối ưu sản phẩm. 5. Báo cáo & Phát triển sản phẩm Cập nhật tiến độ nghiên cứu, thử nghiệm và triển khai hàng tuần. Đánh giá hiệu quả thực thi, đưa ra định hướng tiếp theo"
Trợ Lý Công Nghệ/Senior BA,VNPT Technology - Công ty Cổ phần Công nghệ Công nghiệp Bưu chính viễn thông,,,,https://www.topcv.vn/viec-lam/tro-ly-cong-nghe-senior-ba/1882982.html?ta_source=JobSearchList_LinkDetail&u_sr_id=ueli5qJyHDT9VeHbdMLlhRuhMbKmKFbMFJEUC7Dj_1758647969,https://www.topcv.vn/cong-ty/vnpt-technology-cong-ty-co-phan-cong-nghe-cong-nghiep-buu-chinh-vien-thong/23782.html,https://www.topcv.vn/tim-viec-lam-lap-trinh-nhung?sba=1,"Mô tả công việc 1.1. Nghiên cứu và đề xuất công cụ AI: - Tìm hiểu và đánh giá các công cụ AI tiềm năng, phù hợp với từng phòng ban trong công ty. - Đề xuất các công cụ AI tốt nhất dựa trên hiệu quả, chi phí, và tính ứng dụng. 1.2. Thử nghiệm và đóng gói giải pháp AI: - Thiết kế quy trình thử nghiệm các công cụ AI trên các quy trình cụ thể của từng phòng ban. - Phối hợp với các team liên quan để thử nghiệm, thu thập phản hồi và điều chỉnh các giải pháp AI trước khi đóng gói. 1.3. Theo dõi và đảm bảo tiến độ ứng dụng AI: - Phối hợp với các lead của các phòng ban để theo dõi và đôn đốc tiến độ triển khai AI theo kế hoạch. - Cập nhật tình hình hàng tuần, đánh giá kết quả và đưa ra đề xuất cải thiện khi cần thiết. 1.4. Đóng gói và triển khai sản phẩm AI cho khách hàng: - Hoàn thiện quy trình ứng dụng AI nội bộ trước khi đóng gói sản phẩm. - Phối hợp với đội ngũ kinh doanh giới thiệu và triển khai sản phẩm AI cho khách hàng bên ngoài. - Hỗ trợ khách hàng cài đặt, sử dụng sản phẩm AI, thu thậ"
Senior Embedded Engineer - Signing Bonus Up To 60M,Pro Công ty Cổ phần Tập đoàn Karofi,,,,https://www.topcv.vn/viec-lam/senior-embedded-engineer-signing-bonus-up-to-60m/1880014.html?ta_source=JobSearchList_LinkDetail&u_sr_id=ueli5qJyHDT9VeHbdMLlhRuhMbKmKFbMFJEUC7Dj_1758647969,https://www.topcv.vn/cong-ty/cong-ty-co-phan-tap-doan-karofi/201109.html,https://www.topcv.vn/tim-viec-lam-lap-trinh-nhung?sba=1,"Mô tả công việc ABOUT FPT SOFTWARE FPT Software, a subsidiary of FPT Group, is a leading global IT service provider headquartered in Vietnam. With 33,000+ employees in 88 offices across 30 countries, we serve 1,100+ clients, including 96 Fortune 500 companies. We believe diversity fuels innovation and strive to create an inclusive workplace where talents of all backgrounds thrive. We welcome expatriates and international professionals to bring fresh perspectives and help shape the future of technology JOB OVERVIEW • AUTOSAR BSW platform development & verification with ETAS ISOLAR Technology cover • Common communication protocol such as: CAN, ETH, LIN, DIAG • ASPICE / Functional safety • AUTOSAR Classic (Rte, Os, Crypto, etc.) RESPONSIBILITIES We define the role as following: Specific activities • Working on project related AUTOSAR platform-based ETAS ISOLAR for OBC, DCDC, ICCU • Collaborate with customer project team in Korea to define technical problems and solutions, define quality o"
Embedded Engineer,CÔNG TY TNHH MIJO CONNECTED VIETNAM,,,,https://www.topcv.vn/viec-lam/embedded-engineer/1878871.html?ta_source=JobSearchList_LinkDetail&u_sr_id=ueli5qJyHDT9VeHbdMLlhRuhMbKmKFbMFJEUC7Dj_1758647969,https://www.topcv.vn/cong-ty/cong-ty-tnhh-mijo-connected-vietnam/235474.html,https://www.topcv.vn/tim-viec-lam-lap-trinh-nhung?sba=1,"Mô tả công việc ● Phát triển middleware, system service và application layer trên Embedded Linux (Yocto/Buildroot). ● Bring-up và tùy chỉnh Linux kernel, cấu hình và tích hợp driver (V4L2, ISP, peripheral). ● Thiết kế và triển khai API điều khiển (focus/ zoom/ iris), quản lý peripheral qua I2C, SPI, UART, PWM. ● Kết nối camera với flight controller (MAVLink, OSDK, CAN) và tối ưu video streaming với latency thấp. ● Tích hợp camera với gimbal, ground station, expose API điều khiển từ xa. ● Debug và tối ưu hệ thống (latency, memory, CPU, power), profiling hiệu suất, log analysis. ● Phối hợp với các cross-team để đảm bảo hệ thống hoạt động ổn định, hiệu suất cao. Yêu cầu ứng viên ● Tốt nghiệp đại học chuyên ngành Điện tử – Viễn thông, Kỹ thuật Máy tính, Tự động hóa, Cơ điện tử hoặc tương đương. ● Ít nhất 2 năm kinh nghiệm trong lập trình nhúng, đặc biệt là phát triển phần mềm trên các nền tảng Linux Embedded: Yocto, Buildroot, U-Boot, Device Tree. ● Thành thạo trong việc lập trình với C, C"
Senior Embedded Engineer,,,,,https://www.topcv.vn/viec-lam/senior-embedded-engineer/1876454.html?ta_source=JobSearchList_LinkDetail&u_sr_id=ueli5qJyHDT9VeHbdMLlhRuhMbKmKFbMFJEUC7Dj_1758647969,https://www.topcv.vn/cong-ty/cong-ty-tnhh-mijo-connected-vietnam/235474.html,https://www.topcv.vn/tim-viec-lam-lap-trinh-nhung?sba=1,"Mô tả công việc Are you passionate about embedded systems and excited about building the future of autonomous vehicles? Join Kaii Soft, a dynamic software company partnering with top-tier Korean firms to develop cutting-edge embedded systems for self-driving cars. We’re looking for experienced Embedded Software Engineers who love problem-solving, working close to hardware, and growing in a global tech environment. What You’ll Do Develop Linux BSP (Board Support Package) based on Renesas ARM CPU Perform hardware bring-up, Linux porting, and bootloader setup (e.g., U-Boot) Develop Linux device drivers and integrate/test on real hardware Support documentation and collaborate cross-functionally Handle additional embedded tasks as assigned Yêu cầu ứng viên What We Expect Bachelor's degree in Computer Science, Information Technology, or related fields 5+ years of experience in embedded Linux, BSP, bootloaders, and driver development Strong skills in C/C++ and Python Experience with Yocto or "
"Team Lead - Kỹ Sư Phần Mềm Nhúng Phần Mềm Thiết Bị Y Tế (Hệ Điều Hành Thời Gian Thực , Phát Triển UI)",CÔNG TY TNHH TƯ VẤN ĐẦU TƯ AGIS,,,,https://www.topcv.vn/viec-lam/team-lead-ky-su-phan-mem-nhung-phan-mem-thiet-bi-y-te-he-dieu-hanh-thoi-gian-thuc-phat-trien-ui/1857165.html?ta_source=JobSearchList_LinkDetail&u_sr_id=ueli5qJyHDT9VeHbdMLlhRuhMbKmKFbMFJEUC7Dj_1758647969,https://www.topcv.vn/cong-ty/cong-ty-tnhh-tu-van-dau-tu-agis/233173.html,https://www.topcv.vn/tim-viec-lam-lap-trinh-nhung?sba=1,"Mô tả công việc Nơi làm việc (Tên công ty): :Nihon Kohden Corporation Địa điểm làm việc: :R TECHNO VIETNAM CO., LTD Ngày phỏng vấn: ngày 03 tháng 10 (Thứ Sáu) Ngày bắt đầu làm việc: :ngày 4 tháng 11 năm 2025 (dự kiến) Thiết bị y tế là những sản phẩm có ý nghĩa xã hội cao, giúp ""bảo vệ tính mạng con người"". Những điểm hấp dẫn của công việc - Thiết bị y tế là những sản phẩm có ý nghĩa xã hội cao, giúp ""bảo vệ tính mạng con người"". - Bạn sẽ tham gia vào việc phát triển phần mềm cho các thiết bị như máy AED và máy theo dõi sinh học, góp phần đưa những thiết bị y tế tiên tiến ra thị trường. - Bạn sẽ đảm nhận một vai trò quan trọng trong việc kết hợp giao diện người dùng (UI) có tính dễ sử dụng cao được phát triển bằng Qt và hệ thống điều khiển có độ tin cậy cao trên hệ điều hành thời gian thực để hiện thực hóa ""sự an toàn và bảo mật"" mà môi trường y tế yêu cầu. - Đây là một môi trường lý tưởng cho những ai muốn ""kết nối năng lực kỹ thuật để đóng góp cho xã hội"" và ""thử thách phát triển phần"
www.topcv.vn,,,,,https://www.topcv.vn/viec-lam/truong-bo-phan-phat-trien-phan-mem-nhungfirmware/1869464.html?ta_source=JobSearchList_LinkDetail&u_sr_id=ueli5qJyHDT9VeHbdMLlhRuhMbKmKFbMFJEUC7Dj_1758647969,,https://www.topcv.vn/tim-viec-lam-lap-trinh-nhung?sba=1,
Trưởng Nhóm Lập Trình Nhúng IoT,,,,,https://www.topcv.vn/viec-lam/truong-nhom-lap-trinh-nhung-iot/1868799.html?ta_source=JobSearchList_LinkDetail&u_sr_id=ueli5qJyHDT9VeHbdMLlhRuhMbKmKFbMFJEUC7Dj_1758647969,https://www.topcv.vn/cong-ty/cong-ty-tnhh-evselab/207038.html,https://www.topcv.vn/tim-viec-lam-lap-trinh-nhung?sba=1,"Mô tả công việc • Trao đổi với phòng R&D cùng ban giám đốc thống nhất yêu cầu về phần mềm. • Lập kế hoạch phát triển phần mềm. • Hiểu biết và có khả năng triển khai các design parttern trong phần mềm. • Xây dựng thư viện lập trình nhúng. • Phân loại, lập hồ sơ các chương trình và phiên bản tương ứng. • Xây dựng và triển khai thí nghiệm đánh giá chương trình/thuật toán. • Xây dựng mô phỏng chương trình/thuật toán. • Đề xuất chương trình/Thuật toán cần thiết. • Cải tiến chương trình/Thuật toán. • Lập báo cáo về quá trình phát triển phần mềm/thuật toán. • Xây dựng cơ sở dữ liệu tài liệu hướng dẫn vận hành, bảo trì chương trình. • Bàn giao công việc, kết quả theo yêu cầu. • Đào tạo và phát triển nhân lực trong công việc liên quan. Yêu cầu ứng viên 1. Bằng cấp: Ứng viên tốt nghiệp Đại học trở lên các ngành Công nghệ thông tin, Khoa học máy tính, Kỹ thuật điều khiển và tự động hóa, Điện tử viễn thông, Điện - Điện tử,… hoặc các chuyên ngành có liên quan khác 2. Kiến thức: • Các giao thức kết "
C/C++ Developer,,,,,https://www.topcv.vn/viec-lam/c-c-developer/1512558.html?ta_source=JobSearchList_LinkDetail&u_sr_id=ueli5qJyHDT9VeHbdMLlhRuhMbKmKFbMFJEUC7Dj_1758647969,https://www.topcv.vn/cong-ty/cong-ty-co-phan-cong-nghe-pavana/73611.html,https://www.topcv.vn/tim-viec-lam-lap-trinh-nhung?sba=1,"Mô tả công việc Xây dựng các ứng dụng trong các lĩnh vực của Viettel: Hàng Không/Quân sự/Vận hành khai thác/Viễn thông/… Phân tích các yêu cầu chi tiết của phần mềm dựa trên SystemRequirement và System Design. Thiết kế kiến trúc và thiết kế chi tiết cho phần mềm hoặc tính năng được giao Xây dựng các tài liệu yêu cầu và tài liệu thiết kế phần mềm dựa trên ngôn ngữ UML. Thiết kế cơ sở dữ liệu và triển khai trên hệ thống Triển khai các phần mềm ứng dụng, phần mềm nhúng dựa trên nền tảng hệ điều hành Window hoặc Linux, sử dụng ngôn ngữ C/C++ theo yêu cầu của từng phần mềm. Thực hiện viết Unit Test, đảm bảo Code Coverage theo yêu cầu dự án. Thực hiện static code analysis và fix bug dựa trên báo cáo từ công cụ kiểm thử và Tester Yêu cầu ứng viên • Tốt nghiệp Đại học chính quy các chuyên ngành Kỹ thuật như Công nghệ thông tin, Khoa học máy tính, Toán – tin, Tự động hóa, Cơ điện tử, Điện tử viễn thông... (Trường ĐH Bách Khoa, Bưu chính Viễn Thông, ĐH Quốc Gia, Học viện kỹ thuật mật mã,..) • Từ"
Embedded Engineer,FPT Software,,,,https://www.topcv.vn/viec-lam/embedded-engineer/1829956.html?ta_source=JobSearchList_LinkDetail&u_sr_id=ueli5qJyHDT9VeHbdMLlhRuhMbKmKFbMFJEUC7Dj_1758647969,https://www.topcv.vn/cong-ty/fpt-software/3.html,https://www.topcv.vn/tim-viec-lam-lap-trinh-nhung?sba=1,"Mô tả công việc ABOUT COMPANY At FPT Software, we believe that diversity drives innovation. We are dedicated to creating an inclusive environment where people from all backgrounds, nationalities, ethnicities, genders, and abilities can thrive. We actively seek diverse talent, including expatriates, to enrich our team with unique perspectives that will contribute to our continued growth and success. Our commitment to equity ensures that all employees have the resources and support they need to excel. If you’re an expatriate or international professional seeking an inclusive, global workplace, we encourage you to apply and help us shape the future of technology together. JOB OVERVIEW • The candidate will work as an MCAL Development Engineer, focusing on DENSO in-house MCAL configuration and development. RESPONSIBILITIES Key responsibilities include Development • Configure and develop MCAL components • Implement software in C language according to AUTOSAR standards • Develop I/O hardware "
IT Sales Executive,,,,,https://www.topcv.vn/viec-lam/it-sales-executive/1882464.html?ta_source=SpotlightCompanyInSearchList_LinkDetail,https://www.topcv.vn/cong-ty/tek-experts-vietnam/21670.html,https://www.topcv.vn/tim-viec-lam-lap-trinh-nhung?sba=1,"Mô tả công việc Identify and qualify new sales opportunities through cold outreach, networking, inbound inquiries, and partnership channels. Conduct client discovery meetings to understand business challenges and present relevant outsourcing solutions. Develop proposals, pricing models, and presentations tailored to client needs. Manage and nurture leads through the sales pipeline using CRM tools. Negotiate contracts and close deals in alignment with company goals. Collaborate with delivery, marketing, and technical teams to ensure accurate pre-sales support. Maintain knowledge of industry trends, market conditions, and competitor activities. Meet and exceed quarterly and annual sales targets. Yêu cầu ứng viên 3–5 years of sales experience in IT services or software development outsourcing. Professional fluency in English is essential, both written and spoken. Proven track record of meeting or exceeding sales quotas. Strong understanding of the software development lifecycle (SDLC) and"
Kỹ Sư Phần Mềm Nhúng - Senior,,,,,https://www.topcv.vn/viec-lam/ky-su-phan-mem-nhung-senior/1884101.html?ta_source=JobSearchList_LinkDetail&u_sr_id=sE7vkixYsWISjx8zOIIN8R65yHN6JDfaMhWctFJ3_1758681967,https://www.topcv.vn/cong-ty/vnpt-technology-cong-ty-co-phan-cong-nghe-cong-nghiep-buu-chinh-vien-thong/23782.html,https://www.topcv.vn/tim-viec-lam-lap-trinh-nhung?sba=1,"Mô tả công việc - Tham gia vào quá trình phát triển và tối ưu cho sản phẩm chú trọng các công việc về thiết kế các thành phần của phần mềm. - Phân tích yêu cầu và xây dựng đặc tả (System Requirement Spec). - Thiết kế HLD (High Level Design) cho phần mềm. - Thiết kế LLD cho các module thành phần. Yêu cầu ứng viên - Tốt nghiệp Đại học chuyên ngành CNTT hoặc ĐTVT - Có ít nhất 3 năm kinh nghiệm làm về phần mềm nhúng Linux, MCU hoặc Android Yêu cầu bắt buộc: - Thành thạo với cấu trúc system files của hệ điều hành Linux. - Thành thạo về lập trình C cơ bản: Makefile, biến, mảng, con trỏ, cấp phát bộ nhớ, File, List, Socket, Timer, Lock, Shared memory, Thread,... - Thành thạo việc sử dụng cross-compiler. - Có kinh nghiệm ngôn ngữ kịch bản: Shell script,... - Có kinh nghiệm lập trình với các drivers cho các phần cứng như: Wireless, USB, Flash, điều khiển I/O,... - Có kinh nghiệm lập trình Web cấu hình của thiết bị nhúng sử dụng HTML, CSS và JS. - Có kiến thức về Kernel Networking Data Path. - C"
Embedded Software Engineer (1 Year Contractor),,,,,https://www.topcv.vn/viec-lam/embedded-software-engineer-1-year-contractor/1886733.html?ta_source=JobSearchList_LinkDetail&u_sr_id=sE7vkixYsWISjx8zOIIN8R65yHN6JDfaMhWctFJ3_1758681967,https://www.topcv.vn/cong-ty/cong-ty-tnhh-bosch-global-software-technologies/91063.html,https://www.topcv.vn/tim-viec-lam-lap-trinh-nhung?sba=1,"Mô tả công việc This position will be contracted through Bosch’s external vendor under a one-year agreement. Develop and maintain embedded software for automotive systems, based on AUTOSAR Classic. Collaborate with cross-functional teams to ensure seamless integration of software components. Conduct code reviews and ensure best practices are followed in software development. Optimize software performance and memory usage for resource-constrained embedded systems. Develop and execute unit tests and integration tests to ensure software quality and reliability. Troubleshoot and debug complex software issues in embedded automotive systems. Participate in the full software development lifecycle, from requirements analysis to deployment and maintenance. Stay updated with the latest AUTOSAR specifications and implement compliant software solutions. Contribute to the development of software architecture and design documents. Collaborate with hardware engineers to ensure optimal software-hardwa"
"Trợ Lý Ứng Dụng AI (Domain ERP, EdTech)- Senior BA",,,,,https://www.topcv.vn/viec-lam/tro-ly-ung-dung-ai-domain-erp-edtech-senior-ba/1883817.html?ta_source=JobSearchList_LinkDetail&u_sr_id=sE7vkixYsWISjx8zOIIN8R65yHN6JDfaMhWctFJ3_1758681967,https://www.topcv.vn/cong-ty/trung-tam-ngoai-ngu-binggo-leaders/169016.html,https://www.topcv.vn/tim-viec-lam-lap-trinh-nhung?sba=1,"Mô tả công việc Nghiên cứu và đánh giá các công cụ AI phù hợp từng phòng ban; đề xuất giải pháp tối ưu về hiệu quả, chi phí và khả năng ứng dụng. Thiết kế và triển khai thử nghiệm công cụ AI; phối hợp các phòng ban để lấy phản hồi và điều chỉnh trước khi đóng gói. Theo dõi tiến độ ứng dụng AI, cập nhật kết quả định kỳ và đưa ra giải pháp cải thiện. Hoàn thiện quy trình ứng dụng nội bộ, phối hợp với kinh doanh triển khai sản phẩm AI cho khách hàng. Lập báo cáo tiến độ và đánh giá hiệu quả triển khai, xây dựng kế hoạch phát triển tiếp theo. Yêu cầu ứng viên Trình độ: Tốt nghiệp đại học ngành Công nghệ thông tin, Khoa học máy tính, hoặc các ngành liên quan. Kinh nghiệm: Có kinh nghiệm làm việc với các công cụ và giải pháp AI Kỹ năng: - Kỹ năng nghiên cứu và phân tích tốt, khả năng đề xuất giải pháp công nghệ sáng tạo. - Kỹ năng giao tiếp tốt, có khả năng làm việc nhóm và phối hợp với nhiều phòng ban. - Kỹ năng lập kế hoạch & bám đuổi mục tiêu - Kỹ năng xây dựng và duy trì mối quan hệ với "
Chuyên Viên Phân Tích Công Nghệ/Middle BA,,,,,https://www.topcv.vn/viec-lam/chuyen-vien-phan-tich-cong-nghe-middle-ba/1883006.html?ta_source=JobSearchList_LinkDetail&u_sr_id=sE7vkixYsWISjx8zOIIN8R65yHN6JDfaMhWctFJ3_1758681967,https://www.topcv.vn/cong-ty/cong-ty-co-phan-dau-tu-giao-duc-va-phat-trien-cong-nghe-quoc-te-langmaster/56.html,https://www.topcv.vn/tim-viec-lam-lap-trinh-nhung?sba=1,"Mô tả công việc 1. Nghiên cứu & Đề xuất công cụ AI Khảo sát, đánh giá và lựa chọn các công cụ AI phù hợp cho từng phòng ban. Đưa ra đề xuất tối ưu dựa trên hiệu quả, chi phí và khả năng ứng dụng thực tế. 2. Thử nghiệm & Đóng gói giải pháp Thiết kế quy trình thử nghiệm AI theo từng nghiệp vụ cụ thể. Phối hợp cùng các team liên quan để test, lấy feedback và tinh chỉnh trước khi triển khai chính thức. 3. Theo dõi tiến độ & Tối ưu ứng dụng AI Làm việc trực tiếp với các lead phòng ban để đảm bảo tiến độ triển khai theo kế hoạch. Báo cáo định kỳ, đánh giá hiệu quả và đề xuất cải tiến kịp thời. 4. Đóng gói & Triển khai cho khách hàng Hoàn thiện quy trình AI nội bộ trước khi thương mại hóa sản phẩm. Đồng hành cùng team Kinh doanh trong việc giới thiệu, triển khai cho khách hàng. Hỗ trợ khách hàng sử dụng, ghi nhận phản hồi để tối ưu sản phẩm. 5. Báo cáo & Phát triển sản phẩm Cập nhật tiến độ nghiên cứu, thử nghiệm và triển khai hàng tuần. Đánh giá hiệu quả thực thi, đưa ra định hướng tiếp theo"
Trợ Lý Công Nghệ/Senior BA,,,,,https://www.topcv.vn/viec-lam/tro-ly-cong-nghe-senior-ba/1882982.html?ta_source=JobSearchList_LinkDetail&u_sr_id=sE7vkixYsWISjx8zOIIN8R65yHN6JDfaMhWctFJ3_1758681967,https://www.topcv.vn/cong-ty/cong-ty-tnhh-truong-doanh-nhan-hbr/165142.html,https://www.topcv.vn/tim-viec-lam-lap-trinh-nhung?sba=1,"Mô tả công việc 1.1. Nghiên cứu và đề xuất công cụ AI: - Tìm hiểu và đánh giá các công cụ AI tiềm năng, phù hợp với từng phòng ban trong công ty. - Đề xuất các công cụ AI tốt nhất dựa trên hiệu quả, chi phí, và tính ứng dụng. 1.2. Thử nghiệm và đóng gói giải pháp AI: - Thiết kế quy trình thử nghiệm các công cụ AI trên các quy trình cụ thể của từng phòng ban. - Phối hợp với các team liên quan để thử nghiệm, thu thập phản hồi và điều chỉnh các giải pháp AI trước khi đóng gói. 1.3. Theo dõi và đảm bảo tiến độ ứng dụng AI: - Phối hợp với các lead của các phòng ban để theo dõi và đôn đốc tiến độ triển khai AI theo kế hoạch. - Cập nhật tình hình hàng tuần, đánh giá kết quả và đưa ra đề xuất cải thiện khi cần thiết. 1.4. Đóng gói và triển khai sản phẩm AI cho khách hàng: - Hoàn thiện quy trình ứng dụng AI nội bộ trước khi đóng gói sản phẩm. - Phối hợp với đội ngũ kinh doanh giới thiệu và triển khai sản phẩm AI cho khách hàng bên ngoài. - Hỗ trợ khách hàng cài đặt, sử dụng sản phẩm AI, thu thậ"
Senior Embedded Engineer - Signing Bonus Up To 60M,,,,,https://www.topcv.vn/viec-lam/senior-embedded-engineer-signing-bonus-up-to-60m/1880014.html?ta_source=JobSearchList_LinkDetail&u_sr_id=sE7vkixYsWISjx8zOIIN8R65yHN6JDfaMhWctFJ3_1758681967,https://www.topcv.vn/cong-ty/fpt-software/3.html,https://www.topcv.vn/tim-viec-lam-lap-trinh-nhung?sba=1,"Mô tả công việc ABOUT FPT SOFTWARE FPT Software, a subsidiary of FPT Group, is a leading global IT service provider headquartered in Vietnam. With 33,000+ employees in 88 offices across 30 countries, we serve 1,100+ clients, including 96 Fortune 500 companies. We believe diversity fuels innovation and strive to create an inclusive workplace where talents of all backgrounds thrive. We welcome expatriates and international professionals to bring fresh perspectives and help shape the future of technology JOB OVERVIEW • AUTOSAR BSW platform development & verification with ETAS ISOLAR Technology cover • Common communication protocol such as: CAN, ETH, LIN, DIAG • ASPICE / Functional safety • AUTOSAR Classic (Rte, Os, Crypto, etc.) RESPONSIBILITIES We define the role as following: Specific activities • Working on project related AUTOSAR platform-based ETAS ISOLAR for OBC, DCDC, ICCU • Collaborate with customer project team in Korea to define technical problems and solutions, define quality o"
Embedded Engineer,,,,,https://www.topcv.vn/viec-lam/embedded-engineer/1878871.html?ta_source=JobSearchList_LinkDetail&u_sr_id=sE7vkixYsWISjx8zOIIN8R65yHN6JDfaMhWctFJ3_1758681967,https://www.topcv.vn/cong-ty/cong-ty-co-phan-gremsy/168246.html,https://www.topcv.vn/tim-viec-lam-lap-trinh-nhung?sba=1,"Mô tả công việc ● Phát triển middleware, system service và application layer trên Embedded Linux (Yocto/Buildroot). ● Bring-up và tùy chỉnh Linux kernel, cấu hình và tích hợp driver (V4L2, ISP, peripheral). ● Thiết kế và triển khai API điều khiển (focus/ zoom/ iris), quản lý peripheral qua I2C, SPI, UART, PWM. ● Kết nối camera với flight controller (MAVLink, OSDK, CAN) và tối ưu video streaming với latency thấp. ● Tích hợp camera với gimbal, ground station, expose API điều khiển từ xa. ● Debug và tối ưu hệ thống (latency, memory, CPU, power), profiling hiệu suất, log analysis. ● Phối hợp với các cross-team để đảm bảo hệ thống hoạt động ổn định, hiệu suất cao. Yêu cầu ứng viên ● Tốt nghiệp đại học chuyên ngành Điện tử – Viễn thông, Kỹ thuật Máy tính, Tự động hóa, Cơ điện tử hoặc tương đương. ● Ít nhất 2 năm kinh nghiệm trong lập trình nhúng, đặc biệt là phát triển phần mềm trên các nền tảng Linux Embedded: Yocto, Buildroot, U-Boot, Device Tree. ● Thành thạo trong việc lập trình với C, C"
Senior Embedded Engineer,,,,,https://www.topcv.vn/viec-lam/senior-embedded-engineer/1876454.html?ta_source=JobSearchList_LinkDetail&u_sr_id=sE7vkixYsWISjx8zOIIN8R65yHN6JDfaMhWctFJ3_1758681967,https://www.topcv.vn/cong-ty/cong-ty-tnhh-kaii-soft/57862.html,https://www.topcv.vn/tim-viec-lam-lap-trinh-nhung?sba=1,"Mô tả công việc Are you passionate about embedded systems and excited about building the future of autonomous vehicles? Join Kaii Soft, a dynamic software company partnering with top-tier Korean firms to develop cutting-edge embedded systems for self-driving cars. We’re looking for experienced Embedded Software Engineers who love problem-solving, working close to hardware, and growing in a global tech environment. What You’ll Do Develop Linux BSP (Board Support Package) based on Renesas ARM CPU Perform hardware bring-up, Linux porting, and bootloader setup (e.g., U-Boot) Develop Linux device drivers and integrate/test on real hardware Support documentation and collaborate cross-functionally Handle additional embedded tasks as assigned Yêu cầu ứng viên What We Expect Bachelor's degree in Computer Science, Information Technology, or related fields 5+ years of experience in embedded Linux, BSP, bootloaders, and driver development Strong skills in C/C++ and Python Experience with Yocto or "
"Team Lead - Kỹ Sư Phần Mềm Nhúng Phần Mềm Thiết Bị Y Tế (Hệ Điều Hành Thời Gian Thực , Phát Triển UI)",,,,,https://www.topcv.vn/viec-lam/team-lead-ky-su-phan-mem-nhung-phan-mem-thiet-bi-y-te-he-dieu-hanh-thoi-gian-thuc-phat-trien-ui/1857165.html?ta_source=JobSearchList_LinkDetail&u_sr_id=sE7vkixYsWISjx8zOIIN8R65yHN6JDfaMhWctFJ3_1758681967,https://www.topcv.vn/cong-ty/cty-tnhh-r-techno-viet-nam/165377.html,https://www.topcv.vn/tim-viec-lam-lap-trinh-nhung?sba=1,"Mô tả công việc Nơi làm việc (Tên công ty): :Nihon Kohden Corporation Địa điểm làm việc: :R TECHNO VIETNAM CO., LTD Ngày phỏng vấn: ngày 03 tháng 10 (Thứ Sáu) Ngày bắt đầu làm việc: :ngày 4 tháng 11 năm 2025 (dự kiến) Thiết bị y tế là những sản phẩm có ý nghĩa xã hội cao, giúp ""bảo vệ tính mạng con người"". Những điểm hấp dẫn của công việc - Thiết bị y tế là những sản phẩm có ý nghĩa xã hội cao, giúp ""bảo vệ tính mạng con người"". - Bạn sẽ tham gia vào việc phát triển phần mềm cho các thiết bị như máy AED và máy theo dõi sinh học, góp phần đưa những thiết bị y tế tiên tiến ra thị trường. - Bạn sẽ đảm nhận một vai trò quan trọng trong việc kết hợp giao diện người dùng (UI) có tính dễ sử dụng cao được phát triển bằng Qt và hệ thống điều khiển có độ tin cậy cao trên hệ điều hành thời gian thực để hiện thực hóa ""sự an toàn và bảo mật"" mà môi trường y tế yêu cầu. - Đây là một môi trường lý tưởng cho những ai muốn ""kết nối năng lực kỹ thuật để đóng góp cho xã hội"" và ""thử thách phát triển phần"
Trưởng Bộ Phận Phát Triển Phần Mềm Nhúng(Firmware),,,,,https://www.topcv.vn/viec-lam/truong-bo-phan-phat-trien-phan-mem-nhungfirmware/1869464.html?ta_source=JobSearchList_LinkDetail&u_sr_id=sE7vkixYsWISjx8zOIIN8R65yHN6JDfaMhWctFJ3_1758681967,https://www.topcv.vn/cong-ty/cong-ty-co-phan-tap-doan-karofi/201109.html,https://www.topcv.vn/tim-viec-lam-lap-trinh-nhung?sba=1,"Mô tả công việc Quản lý và dẫn dắt đội ngũ kỹ sư firmware (3–10 người), phân công công việc, kiểm soát tiến độ và đảm bảo chất lượng dự án. Thiết kế kiến trúc firmware cho các sản phẩm gia dụng thông minh: bếp từ, tủ lạnh, điều hòa, bình nóng lạnh. Phát triển và tối ưu firmware liên quan đến điều khiển công suất, cảm biến, giao tiếp người dùng (UI), kết nối IoT (Wi-Fi, BLE, MQTT). Đảm bảo firmware ổn định, an toàn, tiết kiệm năng lượng, tương thích với phần cứng do đội Hardware phát triển. Phối hợp với Hardware, QA, Product Manager để phát triển sản phẩm từ ý tưởng đến thương mại hóa. Xây dựng và duy trì coding standard, code review, unit test, CI/CD pipeline. Đào tạo, mentor kỹ sư firmware trong team, nâng cao năng lực chuyên môn và kỹ năng. Nghiên cứu, đánh giá công nghệ mới (MCU, RTOS, giao thức IoT) để ứng dụng vào sản phẩm. Báo cáo tiến độ, rủi ro và đề xuất giải pháp cho Ban giám đốc. Yêu cầu ứng viên Kỹ năng chuyên môn Tốt nghiệp đại học chuyên ngành: Điện tử, Tự động hóa, CNTT,"
Trưởng Nhóm Lập Trình Nhúng IoT,,,,,https://www.topcv.vn/viec-lam/truong-nhom-lap-trinh-nhung-iot/1868799.html?ta_source=JobSearchList_LinkDetail&u_sr_id=sE7vkixYsWISjx8zOIIN8R65yHN6JDfaMhWctFJ3_1758681967,https://www.topcv.vn/cong-ty/cong-ty-tnhh-evselab/207038.html,https://www.topcv.vn/tim-viec-lam-lap-trinh-nhung?sba=1,"Mô tả công việc • Trao đổi với phòng R&D cùng ban giám đốc thống nhất yêu cầu về phần mềm. • Lập kế hoạch phát triển phần mềm. • Hiểu biết và có khả năng triển khai các design parttern trong phần mềm. • Xây dựng thư viện lập trình nhúng. • Phân loại, lập hồ sơ các chương trình và phiên bản tương ứng. • Xây dựng và triển khai thí nghiệm đánh giá chương trình/thuật toán. • Xây dựng mô phỏng chương trình/thuật toán. • Đề xuất chương trình/Thuật toán cần thiết. • Cải tiến chương trình/Thuật toán. • Lập báo cáo về quá trình phát triển phần mềm/thuật toán. • Xây dựng cơ sở dữ liệu tài liệu hướng dẫn vận hành, bảo trì chương trình. • Bàn giao công việc, kết quả theo yêu cầu. • Đào tạo và phát triển nhân lực trong công việc liên quan. Yêu cầu ứng viên 1. Bằng cấp: Ứng viên tốt nghiệp Đại học trở lên các ngành Công nghệ thông tin, Khoa học máy tính, Kỹ thuật điều khiển và tự động hóa, Điện tử viễn thông, Điện - Điện tử,… hoặc các chuyên ngành có liên quan khác 2. Kiến thức: • Các giao thức kết "
Firmware Engineer,CÔNG TY TNHH MỘT THÀNH VIÊN CÔNG NGHỆ PHÚ LỘC,,,,https://www.topcv.vn/viec-lam/firmware-engineer/1842077.html?ta_source=JobSearchList_LinkDetail&u_sr_id=cKa1RZ4M9CuqLyNEdfIc7Pa5VMPkZhUAemhDr8rv_1758750319,https://www.topcv.vn/cong-ty/cong-ty-tnhh-mot-thanh-vien-cong-nghe-phu-loc/185061.html,https://www.topcv.vn/tim-viec-lam-lap-trinh-nhung?sba=1,"Mô tả công việc We are looking for a talented Firmware Engineer to develop and maintain embedded software for our solar datalogger/controller. You will implement real-time control, data acquisition, communication protocols, and ensure robust connectivity with IoT cloud platforms. Develop firmware for ARM-based microcontrollers and embedded Linux platforms. Implement protocols for energy device communication (Modbus RTU/TCP, CAN, MQTT, SNMP). Develop drivers for sensors, power meters, relays, and communication modules (WiFi, LTE, RS485). Optimize real-time control logic for energy dispatch, storage prioritization, and grid interaction. Enable secure data logging, local decision-making, and OTA (Over-The-Air) firmware upgrades. Work closely with the hardware and cloud software team to enable seamless end-to-end functionality. Ensure stability, memory efficiency, and fault recovery in embedded systems. Write and maintain unit tests, debugging logs, and documentation. Yêu cầu ứng viên Bach"
"Trợ Lý Ứng Dụng AI (Domain ERP, EdTech)- Senior BA",VNPT Technology - Công ty Cổ phần Công nghệ Công nghiệp Bưu chính viễn thông,,,,https://www.topcv.vn/viec-lam/tro-ly-ung-dung-ai-domain-erp-edtech-senior-ba/1883817.html?ta_source=JobSearchList_LinkDetail&u_sr_id=cKa1RZ4M9CuqLyNEdfIc7Pa5VMPkZhUAemhDr8rv_1758750319,https://www.topcv.vn/cong-ty/vnpt-technology-cong-ty-co-phan-cong-nghe-cong-nghiep-buu-chinh-vien-thong/23782.html,https://www.topcv.vn/tim-viec-lam-lap-trinh-nhung?sba=1,"Mô tả công việc Nghiên cứu và đánh giá các công cụ AI phù hợp từng phòng ban; đề xuất giải pháp tối ưu về hiệu quả, chi phí và khả năng ứng dụng. Thiết kế và triển khai thử nghiệm công cụ AI; phối hợp các phòng ban để lấy phản hồi và điều chỉnh trước khi đóng gói. Theo dõi tiến độ ứng dụng AI, cập nhật kết quả định kỳ và đưa ra giải pháp cải thiện. Hoàn thiện quy trình ứng dụng nội bộ, phối hợp với kinh doanh triển khai sản phẩm AI cho khách hàng. Lập báo cáo tiến độ và đánh giá hiệu quả triển khai, xây dựng kế hoạch phát triển tiếp theo. Yêu cầu ứng viên Trình độ: Tốt nghiệp đại học ngành Công nghệ thông tin, Khoa học máy tính, hoặc các ngành liên quan. Kinh nghiệm: Có kinh nghiệm làm việc với các công cụ và giải pháp AI Kỹ năng: - Kỹ năng nghiên cứu và phân tích tốt, khả năng đề xuất giải pháp công nghệ sáng tạo. - Kỹ năng giao tiếp tốt, có khả năng làm việc nhóm và phối hợp với nhiều phòng ban. - Kỹ năng lập kế hoạch & bám đuổi mục tiêu - Kỹ năng xây dựng và duy trì mối quan hệ với "
Chuyên Viên Phân Tích Công Nghệ/Middle BA,VNPT Technology - Công ty Cổ phần Công nghệ Công nghiệp Bưu chính viễn thông,,,,https://www.topcv.vn/viec-lam/chuyen-vien-phan-tich-cong-nghe-middle-ba/1883006.html?ta_source=JobSearchList_LinkDetail&u_sr_id=cKa1RZ4M9CuqLyNEdfIc7Pa5VMPkZhUAemhDr8rv_1758750319,https://www.topcv.vn/cong-ty/vnpt-technology-cong-ty-co-phan-cong-nghe-cong-nghiep-buu-chinh-vien-thong/23782.html,https://www.topcv.vn/tim-viec-lam-lap-trinh-nhung?sba=1,"Mô tả công việc 1. Nghiên cứu & Đề xuất công cụ AI Khảo sát, đánh giá và lựa chọn các công cụ AI phù hợp cho từng phòng ban. Đưa ra đề xuất tối ưu dựa trên hiệu quả, chi phí và khả năng ứng dụng thực tế. 2. Thử nghiệm & Đóng gói giải pháp Thiết kế quy trình thử nghiệm AI theo từng nghiệp vụ cụ thể. Phối hợp cùng các team liên quan để test, lấy feedback và tinh chỉnh trước khi triển khai chính thức. 3. Theo dõi tiến độ & Tối ưu ứng dụng AI Làm việc trực tiếp với các lead phòng ban để đảm bảo tiến độ triển khai theo kế hoạch. Báo cáo định kỳ, đánh giá hiệu quả và đề xuất cải tiến kịp thời. 4. Đóng gói & Triển khai cho khách hàng Hoàn thiện quy trình AI nội bộ trước khi thương mại hóa sản phẩm. Đồng hành cùng team Kinh doanh trong việc giới thiệu, triển khai cho khách hàng. Hỗ trợ khách hàng sử dụng, ghi nhận phản hồi để tối ưu sản phẩm. 5. Báo cáo & Phát triển sản phẩm Cập nhật tiến độ nghiên cứu, thử nghiệm và triển khai hàng tuần. Đánh giá hiệu quả thực thi, đưa ra định hướng tiếp theo"
Trợ Lý Công Nghệ/Senior BA,VNPT Technology - Công ty Cổ phần Công nghệ Công nghiệp Bưu chính viễn thông,,,,https://www.topcv.vn/viec-lam/tro-ly-cong-nghe-senior-ba/1882982.html?ta_source=JobSearchList_LinkDetail&u_sr_id=cKa1RZ4M9CuqLyNEdfIc7Pa5VMPkZhUAemhDr8rv_1758750319,https://www.topcv.vn/cong-ty/vnpt-technology-cong-ty-co-phan-cong-nghe-cong-nghiep-buu-chinh-vien-thong/23782.html,https://www.topcv.vn/tim-viec-lam-lap-trinh-nhung?sba=1,"Mô tả công việc 1.1. Nghiên cứu và đề xuất công cụ AI: - Tìm hiểu và đánh giá các công cụ AI tiềm năng, phù hợp với từng phòng ban trong công ty. - Đề xuất các công cụ AI tốt nhất dựa trên hiệu quả, chi phí, và tính ứng dụng. 1.2. Thử nghiệm và đóng gói giải pháp AI: - Thiết kế quy trình thử nghiệm các công cụ AI trên các quy trình cụ thể của từng phòng ban. - Phối hợp với các team liên quan để thử nghiệm, thu thập phản hồi và điều chỉnh các giải pháp AI trước khi đóng gói. 1.3. Theo dõi và đảm bảo tiến độ ứng dụng AI: - Phối hợp với các lead của các phòng ban để theo dõi và đôn đốc tiến độ triển khai AI theo kế hoạch. - Cập nhật tình hình hàng tuần, đánh giá kết quả và đưa ra đề xuất cải thiện khi cần thiết. 1.4. Đóng gói và triển khai sản phẩm AI cho khách hàng: - Hoàn thiện quy trình ứng dụng AI nội bộ trước khi đóng gói sản phẩm. - Phối hợp với đội ngũ kinh doanh giới thiệu và triển khai sản phẩm AI cho khách hàng bên ngoài. - Hỗ trợ khách hàng cài đặt, sử dụng sản phẩm AI, thu thậ"
Senior Embedded Engineer - Signing Bonus Up To 60M,Pro Công ty Cổ phần Tập đoàn Karofi,,,,https://www.topcv.vn/viec-lam/senior-embedded-engineer-signing-bonus-up-to-60m/1880014.html?ta_source=JobSearchList_LinkDetail&u_sr_id=cKa1RZ4M9CuqLyNEdfIc7Pa5VMPkZhUAemhDr8rv_1758750319,https://www.topcv.vn/cong-ty/cong-ty-co-phan-tap-doan-karofi/201109.html,https://www.topcv.vn/tim-viec-lam-lap-trinh-nhung?sba=1,"Mô tả công việc ABOUT FPT SOFTWARE FPT Software, a subsidiary of FPT Group, is a leading global IT service provider headquartered in Vietnam. With 33,000+ employees in 88 offices across 30 countries, we serve 1,100+ clients, including 96 Fortune 500 companies. We believe diversity fuels innovation and strive to create an inclusive workplace where talents of all backgrounds thrive. We welcome expatriates and international professionals to bring fresh perspectives and help shape the future of technology JOB OVERVIEW • AUTOSAR BSW platform development & verification with ETAS ISOLAR Technology cover • Common communication protocol such as: CAN, ETH, LIN, DIAG • ASPICE / Functional safety • AUTOSAR Classic (Rte, Os, Crypto, etc.) RESPONSIBILITIES We define the role as following: Specific activities • Working on project related AUTOSAR platform-based ETAS ISOLAR for OBC, DCDC, ICCU • Collaborate with customer project team in Korea to define technical problems and solutions, define quality o"
Embedded Linux Engineer (BSP),CÔNG TY TNHH MIJO CONNECTED VIETNAM,,,,https://www.topcv.vn/viec-lam/embedded-linux-engineer-bsp/1809847.html?ta_source=JobSearchList_LinkDetail&u_sr_id=cKa1RZ4M9CuqLyNEdfIc7Pa5VMPkZhUAemhDr8rv_1758750319,https://www.topcv.vn/cong-ty/cong-ty-tnhh-mijo-connected-vietnam/235474.html,https://www.topcv.vn/tim-viec-lam-lap-trinh-nhung?sba=1,"Mô tả công việc ABOUT FPT SOFTWARE FPT Software, a subsidiary of FPT Group, is a leading global IT service provider headquartered in Vietnam. With 33,000+ employees in 88 offices across 30 countries, we serve 1,100+ clients, including 96 Fortune 500 companies. We believe diversity fuels innovation and strive to create an inclusive workplace where talents of all backgrounds thrive. We welcome expatriates and international professionals to bring fresh perspectives and help shape the future of technology. RESPONSIBILITIES Five Linux package • Maintain VLP/G, VLP/V, and VLP/F for RZ/G2x-G1x, RZ/V2x, and RZ/Five: Yocto 3.1 based build system, Linux BSP (bootloaders, CIP SLTS Linux kernel v5.10 cip, device drivers, etc.), Linux middleware and application framework (Qt, Gecko, Docker, etc.), Security Package (Secure Boot, OPTEE, Security IP support) • Maintain: Yocto 2.4 based build system, Linux BSP (bootloaders, CIP SLTS Linux kernel v4.19 cip, device drivers, etc.), Linux middleware and ap"
Embedded C Engineer,FPT Software,,,,https://www.topcv.vn/viec-lam/embedded-c-engineer/1863495.html?ta_source=JobSearchList_LinkDetail&u_sr_id=cKa1RZ4M9CuqLyNEdfIc7Pa5VMPkZhUAemhDr8rv_1758750319,https://www.topcv.vn/cong-ty/fpt-software/3.html,https://www.topcv.vn/tim-viec-lam-lap-trinh-nhung?sba=1,"Mô tả công việc ABOUT FPT SOFTWARE FPT Software, a subsidiary of FPT Group, is a leading global IT service provider headquartered in Vietnam. With 33,000+ employees in 88 offices across 30 countries, we serve 1,100+ clients, including 96 Fortune 500 companies. We believe diversity fuels innovation and strive to create an inclusive workplace where talents of all backgrounds thrive. We welcome expatriates and international professionals to bring fresh perspectives and help shape the future of technology. RESPONSIBILITIES • Develop and execute validation plans for automotive systems following ASPICE strategy. • Design and implement test cases to validate software and hardware components against specifications and requirements. • Conduct functional, performance, and reliability testing to identify and resolve issues. • Collaborate with cross-functional teams, including software developers, hardware engineers, and system architects, to ensure comprehensive validation coverage. • Analyze tes"
Intern Hardware/Embedded Engineer,Pro CÔNG TY CỔ PHẦN DỊCH VỤ CÔNG NGHỆ TIN HỌC HPT,,,,https://www.topcv.vn/viec-lam/intern-hardware-embedded-engineer/1884365.html?ta_source=JobSearchList_LinkDetail&u_sr_id=cKa1RZ4M9CuqLyNEdfIc7Pa5VMPkZhUAemhDr8rv_1758750319,https://www.topcv.vn/cong-ty/cong-ty-co-phan-dich-vu-cong-nghe-tin-hoc-hpt/141408.html,https://www.topcv.vn/tim-viec-lam-lap-trinh-nhung?sba=1,"Mô tả công việc Công ty TNHH Casso mang đến cơ hội thực tập cho các bạn trẻ đam mê công nghệ, đặc biệt trong lĩnh vực lập trình nhúng, IoT và Robotics. Chương trình hướng đến việc tìm kiếm, đào tạo và “ươm mầm” những tài năng có tiềm năng trở thành Kỹ sư phát triển giải pháp IoT & Robotics trong tương lai. Tại đây, bạn sẽ đồng hành cùng Casso trong việc nghiên cứu, thiết kế và triển khai các sản phẩm phần cứng, hệ thống nhúng, ứng dụng tự động hóa tiên phong tại Việt Nam và khu vực Đông Nam Á. Mô tả công việc: - Hỗ trợ team và mentor triển khai các project IoT/Robotics: từ thiết kế, lập trình firmware, đến kiểm thử phần cứng. - Có cơ hội tham gia trực tiếp vào các dự án POC: đưa ra giải pháp kỹ thuật, kiểm thử thiết bị và đề xuất cải tiến. - Nghiên cứu, phân tích hiệu năng hệ thống, tối ưu code nhúng và tài nguyên thiết bị. Yêu cầu ứng viên - Sinh viên năm 3-4 hoặc mới tốt nghiệp các ngành: Khoa học máy tính, Kỹ thuật máy tính, Điện – Điện tử, Cơ điện tử, Tự động hóa, IoT Embedded Syst"
Embedded Linux Engineer - Kỹ Sư Lập Trình Nhúng,Công ty Cổ phần Công nghệ Pavana,,,,https://www.topcv.vn/viec-lam/embedded-linux-engineer-ky-su-lap-trinh-nhung/1479744.html?ta_source=JobSearchList_LinkDetail&u_sr_id=cKa1RZ4M9CuqLyNEdfIc7Pa5VMPkZhUAemhDr8rv_1758750319,https://www.topcv.vn/cong-ty/cong-ty-co-phan-cong-nghe-pavana/73611.html,https://www.topcv.vn/tim-viec-lam-lap-trinh-nhung?sba=1,"Mô tả công việc Tham gia vào toàn bộ quá trình nghiên cứu phát triển sản phẩm thiết bị, phần mềm và nền tảng cloud, IoT, AI. Tham gia phân tích yêu cầu, thiết kế kiến trúc hệ thống, thiết kế phần mềm nhúng. Chịu trách nhiệm phát triển firmware thiết bị, phần mềm nhúng, core AI. Phối hợp với các thành viên trong dự án để đảm bảo dự án thành công và đúng tiến độ. Nghiên cứu và áp dụng các công nghệ mới Yêu cầu ứng viên Tốt nghiệp Đại học chuyên ngành Điện tử viễn thông, CNTT hoặc các chuyên ngành liên quan. Có tối thiểu 2 năm kinh nghiệm ở vị trí lập trình nhúng, IoT hoặc vi điều khiển. Nắm vững và sử dụng thành thạo C/C++ và Shell. Có khả năng lập trình Java, Python là lợi thế. Có kiến thức và khả năng lập trình nâng cao: socket, multi-thread, child-process, inter-process communication. Có kiến thức và kinh nghiệm làm việc với Linux Kernel, Drivers. Có kiến thức cơ bản về Networking. Thành thạo các công cụ quản lý soucrce code: GIT Am hiểu về quy trình phát triển phần mềm, có kiến thức "
Fresher Embedded,CÔNG TY TNHH MIJO CONNECTED VIETNAM,,,,https://www.topcv.vn/viec-lam/fresher-embedded/1843141.html?ta_source=JobSearchList_LinkDetail&u_sr_id=cKa1RZ4M9CuqLyNEdfIc7Pa5VMPkZhUAemhDr8rv_1758750319,https://www.topcv.vn/cong-ty/cong-ty-tnhh-mijo-connected-vietnam/235474.html,https://www.topcv.vn/tim-viec-lam-lap-trinh-nhung?sba=1,"Mô tả công việc - FPT Software HCM đang tìm kiếm các bạn sinh viên sắp ra trường để tham gia vào các dự án phát triển phần mềm với quy mô lớn. - Có cơ hội học tập và làm việc trong các dự án thực tế với các khách hàng lớn của công ty đến từ Nhật Bản, Hàn Quốc, Trung Quốc, Mỹ… - Được tham gia khóa đào tạo chuyên sâu về lập trình Embedded từ 3-6 tháng Yêu cầu ứng viên - Sinh viên đã hoặc sắp tốt nghiệp chuyên ngành Hệ thống nhúng, Khoa học máy tính, Điện tử-Tự động hóa, hoặc các chuyên ngành liên quan,… - Có background về C/C++/Embedded tốt - Có kinh nghiệm về MCU như STM32, PIC, NXP,... là một lợi thế - Tư duy lập trình, kỹ năng giải quyết vấn đề tốt - Tham gia đào tạo/làm việc Full-time từ Thứ 2 - Thứ 6 (8h00-17h00) - Tiếng Anh tương đương Toeic 650 trở lên hoặc Tiếng Nhật tương đương N3+ trở lên Quyền lợi - Sau đào tạo có cơ hội trở thành nhân viên chính thức tại FPT Software - Trải nghiệm văn hóa đặc trưng, môi trường làm việc hiện đại bậc nhất Việt Nam tại các Campus của FPT Softwar"
Embedded Linux Engineer - Signing Bonus Up To 60M,NashTech,,,,https://www.topcv.vn/viec-lam/embedded-linux-engineer-signing-bonus-up-to-60m/1695828.html?ta_source=JobSearchList_LinkDetail&u_sr_id=cKa1RZ4M9CuqLyNEdfIc7Pa5VMPkZhUAemhDr8rv_1758750319,https://www.topcv.vn/cong-ty/nashtech/7268.html,https://www.topcv.vn/tim-viec-lam-lap-trinh-nhung?sba=1,"Mô tả công việc ABOUT COMPANY At FPT Software, we believe that diversity drives innovation. We are dedicated to creating an inclusive environment where people from all backgrounds, nationalities, ethnicities, genders, and abilities can thrive. We actively seek diverse talent, including expatriates, to enrich our team with unique perspectives that will contribute to our continued growth and success. Our commitment to equity ensures that all employees have the resources and support they need to excel. If you’re an expatriate or international professional seeking an inclusive, global workplace, we encourage you to apply and help us shape the future of technology together. JOB OVERVIEW • We are a dynamic and innovative outsourcing team dedicated to delivering high-quality software solutions for our clients. Our team specializes in embedded systems and networking, working on cutting-edge projects for leading broadband companies. We pride ourselves on fostering a collaborative and supportive"
Embedded Engineer,CÔNG TY TNHH MIJO CONNECTED VIETNAM,,,,https://www.topcv.vn/viec-lam/embedded-engineer/1878871.html?ta_source=JobSearchList_LinkDetail&u_sr_id=cKa1RZ4M9CuqLyNEdfIc7Pa5VMPkZhUAemhDr8rv_1758750319,https://www.topcv.vn/cong-ty/cong-ty-tnhh-mijo-connected-vietnam/235474.html,https://www.topcv.vn/tim-viec-lam-lap-trinh-nhung?sba=1,"Mô tả công việc ● Phát triển middleware, system service và application layer trên Embedded Linux (Yocto/Buildroot). ● Bring-up và tùy chỉnh Linux kernel, cấu hình và tích hợp driver (V4L2, ISP, peripheral). ● Thiết kế và triển khai API điều khiển (focus/ zoom/ iris), quản lý peripheral qua I2C, SPI, UART, PWM. ● Kết nối camera với flight controller (MAVLink, OSDK, CAN) và tối ưu video streaming với latency thấp. ● Tích hợp camera với gimbal, ground station, expose API điều khiển từ xa. ● Debug và tối ưu hệ thống (latency, memory, CPU, power), profiling hiệu suất, log analysis. ● Phối hợp với các cross-team để đảm bảo hệ thống hoạt động ổn định, hiệu suất cao. Yêu cầu ứng viên ● Tốt nghiệp đại học chuyên ngành Điện tử – Viễn thông, Kỹ thuật Máy tính, Tự động hóa, Cơ điện tử hoặc tương đương. ● Ít nhất 2 năm kinh nghiệm trong lập trình nhúng, đặc biệt là phát triển phần mềm trên các nền tảng Linux Embedded: Yocto, Buildroot, U-Boot, Device Tree. ● Thành thạo trong việc lập trình với C, C"
Kỹ Sư Nhúng,Công ty Cổ phần Tập đoàn Song Nam,,,,https://www.topcv.vn/viec-lam/ky-su-nhung/1876400.html?ta_source=JobSearchList_LinkDetail&u_sr_id=cKa1RZ4M9CuqLyNEdfIc7Pa5VMPkZhUAemhDr8rv_1758750319,https://www.topcv.vn/cong-ty/cong-ty-co-phan-tap-doan-song-nam/145985.html,https://www.topcv.vn/tim-viec-lam-lap-trinh-nhung?sba=1,"Mô tả công việc Lập trình hệ thống nhúng cho vi điều khiển, máy tính nhúng (Lập trình BSP (board support package), lập trình giao thức truyền thông cho RS485, CAN, mạng không dây (Wifi, Lora, BT,…), lập trình hệ thống logic vận hành, thuật toán điều khiển, giao diện người dùng). Thiết kế PCB cho các mạch điều khiển logic, mạch bảo vệ cho AGV. Thiết kế hệ thống điện cho AGV và các hệ thống tự động hóa khác (thiết kế bản vẽ kỹ thuật điện, tổng hợp vật tư, theo dõi sản xuất sản phẩm mẫu). Phối hợp làm việc với các bộ phận khác trong quá trình nghiên cứu, chế tạo, thử nghiệm, cải tiến sản phẩm, sản xuất. Các công việc khác theo yêu cầu của cấp trên trực tiếp và Ban Giám đốc. Yêu cầu ứng viên Thành thạo lập trình C/C++ Ưu tiên am hiểu kiến trúc vi điều khiển, có kinh nghiệm sử dụng các ngoại vi như UART, I2C, SPI, CAN,… Có kiến thức lập trình, xử lý đa luồng trên FreeRTOS, multi-thread, multi-process trên Linux. Am hiểu về các bộ điều khiển phổ biến như PID, Fuzzy Logic,…. Có kiến thức về b"
Fresher C/Embedded,Công ty Cổ phần Công nghệ Pavana,,,,https://www.topcv.vn/viec-lam/fresher-c-embedded/1795808.html?ta_source=JobSearchList_LinkDetail&u_sr_id=cKa1RZ4M9CuqLyNEdfIc7Pa5VMPkZhUAemhDr8rv_1758750319,https://www.topcv.vn/cong-ty/cong-ty-co-phan-cong-nghe-pavana/73611.html,https://www.topcv.vn/tim-viec-lam-lap-trinh-nhung?sba=1,"Mô tả công việc FPT Software Hà Nội cần tuyển 15 Fresher Foundation Automotive tham gia Chương trình đào tạo tân binh và làm việc trực tiếp tại các dự án hàng đầu trong lĩnh vực Automative – Nhóm Phần mềm chịu trách nhiệm phát triển phần mềm cho các sản phẩm ô tô. Thiết kế và phát triển các thành phần phần mềm nhúng; làm việc với các nhóm kiến ​​trúc để tạo ra các thành phần phần mềm có thể sử dụng lại, tài liệu hỗ trợ và hướng dẫn tích hợp... Chương trình đào tạo tân binh Fresher Foundation Automotive là chương trình được xây dựng nhằm giúp các tân binh của FPT Software có cơ hội tìm hiểu và hệ thống lại các kiến thức C/ Embedded, Autosar và học hỏi quy trình phát triển phần mềm trước khi tham gia vào các dự án thực tế trong lĩnh vực Automative. Nội dung khóa học bao gồm các phần: Lập trình C/C++ Làm việc với ngôn ngữ lập trình C, C++, OOP, thao tác file, con trỏ, sử dụng structure, hiểu cấu trúc dữ liệu và giải thuật. Làm việc với Visual Studio/Code: Block to create applications, pro"
"Kỹ Sư Phần Mềm Nhúng - Thiết Bị Y Tế (Hệ Điều Hành Thời Gian Thực, Phát Triển UI)",CÔNG TY TNHH TƯ VẤN ĐẦU TƯ AGIS,,,,https://www.topcv.vn/viec-lam/ky-su-phan-mem-nhung-thiet-bi-y-te-he-dieu-hanh-thoi-gian-thuc-phat-trien-ui/1857152.html?ta_source=JobSearchList_LinkDetail&u_sr_id=cKa1RZ4M9CuqLyNEdfIc7Pa5VMPkZhUAemhDr8rv_1758750319,https://www.topcv.vn/cong-ty/cong-ty-tnhh-tu-van-dau-tu-agis/233173.html,https://www.topcv.vn/tim-viec-lam-lap-trinh-nhung?sba=1,"Mô tả công việc Nơi làm việc (Tên công ty): :Nihon Kohden Corporation Địa điểm làm việc: R TECHNO VIETNAM CO., LTD Ngày phỏng vấn: ngày 03 tháng 10 (Thứ Sáu) Ngày bắt đầu làm việc: ngày 4 tháng 11 năm 2025 (dự kiến) Thiết bị y tế là những sản phẩm có ý nghĩa xã hội cao, giúp ""bảo vệ tính mạng con người"". Bạn sẽ tham gia vào việc phát triển phần mềm cho các thiết bị như máy AED và máy theo dõi sinh học, góp phần đưa những thiết bị y tế tiên tiến ra thị trường. Bạn sẽ đảm nhận một vai trò quan trọng trong việc kết hợp giao diện người dùng (UI) có tính dễ sử dụng cao được phát triển bằng Qt và hệ thống điều khiển có độ tin cậy cao trên hệ điều hành thời gian thực để hiện thực hóa ""sự an toàn và bảo mật"" mà môi trường y tế yêu cầu. Đây là một môi trường lý tưởng cho những ai muốn ""kết nối năng lực kỹ thuật để đóng góp cho xã hội"" và ""thử thách phát triển phần mềm với độ an toàn cao"". Nội dung công việc - Phát triển phần mềm nhúng cho các thiết bị y tế như máy AED và máy theo dõi sinh học. "
Embedded Android AOSP Developer,Công ty Cổ Phần Bản Viên,,,,https://www.topcv.vn/viec-lam/embedded-android-aosp-developer/1869313.html?ta_source=JobSearchList_LinkDetail&u_sr_id=cKa1RZ4M9CuqLyNEdfIc7Pa5VMPkZhUAemhDr8rv_1758750319,https://www.topcv.vn/cong-ty/cong-ty-co-phan-ban-vien/27248.html,https://www.topcv.vn/tim-viec-lam-lap-trinh-nhung?sba=1,"Mô tả công việc Build, configure, and maintain AOSP for custom hardware. Port BSPs, manage device trees, and debug build issues. Integrate drivers and HALs (display, audio, sensors, connectivity). Modify Android framework and system services. Customize and cross-compile Linux kernels and modules. Use adb, fastboot, logcat, dmesg, perf, gdb, and strace for debugging Yêu cầu ứng viên 3+ years AOSP/embedded Android/Linux development. Experience in C, C++, Java, Kotlin. Experience with Soong, Make, repo, Gerrit Skilled in hardware bring-up, HAL integration, and kernel customization. Proficient with system debugging tools and scripting. Bachelor’s or Master’s degree in Computer Science, Electronics, or related field. Preferred Experience: Experience with Qualcomm, MediaTek, or Rockchip SoCs. Knowledge of CTS/VTS/GTS, SELinux, Verified Boot. Experience with WearOS. Quyền lợi Competitive Salary (Up to 5,000 USD - based on your level) Full statutory social, and unemployment insurance. Premium "
Senior Embedded Autosar Engineer - Signing Bonus Up To 60M,NashTech,,,,https://www.topcv.vn/viec-lam/senior-embedded-autosar-engineer-signing-bonus-up-to-60m/1830019.html?ta_source=JobSearchList_LinkDetail&u_sr_id=cKa1RZ4M9CuqLyNEdfIc7Pa5VMPkZhUAemhDr8rv_1758750319,https://www.topcv.vn/cong-ty/nashtech/7268.html,https://www.topcv.vn/tim-viec-lam-lap-trinh-nhung?sba=1,"Mô tả công việc ABOUT COMPANY At FPT Software, we believe that diversity drives innovation. We are dedicated to creating an inclusive environment where people from all backgrounds, nationalities, ethnicities, genders, and abilities can thrive. We actively seek diverse talent, including expatriates, to enrich our team with unique perspectives that will contribute to our continued growth and success. Our commitment to equity ensures that all employees have the resources and support they need to excel. If you’re an expatriate or international professional seeking an inclusive, global workplace, we encourage you to apply and help us shape the future of technology together. RESPONSIBILITIES As successful candidates • You will take part in multi-million project for high-profile customer. • You will design solution for embedded software used in a car such as Autosar software. • You have a great career advance to expand your horizon not only in automotive industry but also the international wo"
Kĩ Sư IT - Nhúng,Công ty TNHH Công Nghệ Việt,,,,https://www.topcv.vn/viec-lam/ki-su-it-nhung/1375749.html?ta_source=JobSearchList_LinkDetail&u_sr_id=cKa1RZ4M9CuqLyNEdfIc7Pa5VMPkZhUAemhDr8rv_1758750319,https://www.topcv.vn/cong-ty/cong-ty-tnhh-cong-nghe-viet/98891.html,https://www.topcv.vn/tim-viec-lam-lap-trinh-nhung?sba=1,"Mô tả công việc Làm việc tại Nhật Bản Phần mềm nhúng (Embedded Software) ◇Phát triển máy thu thanh DVD ・Chủ yếu phát triển phần kiểm soát liên quan đến âm thanh, hình ảnh. ・Phát triển phần mềm middleware, firmware ・Thực hiện test từng bộ phận (unit test), test kết hợp (integration test),test hệ thống (system test), kiểm tra những vị trí bị lỗi, [Môi trường phát triển] Linux, C (sử dụng một phần Assembler) ◇Phát triển hệ thống hỗ trợ vận hành (ADAS) cho xe ô tô ・Phát triển hệ thống hộ trợ vận hành tân tiến kết hợp 3 yếu tố là cảm biến rada (rada sensor), cảm biến camera (camera sensor), tia hồng ngoại. ・Phát triển kiến trúc, logic (development), code, test, phân tích lỗi. [Môi trường phát triển] C, Assembler, OSレス, Linux, Windows v..v ◇Phát triển thiết bị chẩn đoán sóng siêu âm ・Phát triển ứng dụng liên kết hệ thống trong bệnh viện, ứng dụng của bên DB lưu giữ dữ liệu, ứng dụng quản lý danh sách bệnh nhân. ・Nghiên cứu thông số kĩ thuật, thiết kế cơ bản, thiết kế nội dung chi tiết, code,"
Embedded Engineer (Compiler),CÔNG TY TNHH MIJO CONNECTED VIETNAM,,,,https://www.topcv.vn/viec-lam/embedded-engineer-compiler/1865358.html?ta_source=JobSearchList_LinkDetail&u_sr_id=cKa1RZ4M9CuqLyNEdfIc7Pa5VMPkZhUAemhDr8rv_1758750319,https://www.topcv.vn/cong-ty/cong-ty-tnhh-mijo-connected-vietnam/235474.html,https://www.topcv.vn/tim-viec-lam-lap-trinh-nhung?sba=1,"Mô tả công việc • Participate in the development, maintenance, and optimization of compiler tools. • Collaborate with senior engineers to implement features, fix bugs, and enhance compiler performance. • Assist in testing, debugging, and validating compiler functionalities. • Contribute to documentation and provide support for internal teams using compiler tools. Yêu cầu ứng viên MUST HAVE • Bachelor’s Degree or above in Electronic Engineering, Telecommunication, Computer Science, Computer Engineering, Automation, Information Technology or equivalent. • At least 1 year of experience at the same field. • Strong knowledge of C/C++ and Assembly language. • Familiar with source code management tools such as SVN and Git. • Basic understanding of IDEs and compiler concepts. • Good communication skills and ability to work effectively in a team. • Good English skills (both verbal and written). • Commitment to long-term collaboration and work stability. Quyền lợi • 13th Salary + Performance Bon"
Kỹ Sư Phần Mềm Nhúng - Senior,CÔNG TY TNHH TRƯỜNG DOANH NHÂN HBR,https://www.topcv.vn/viec-lam/ky-su-phan-mem-nhung-senior/1884101.html?ta_source=JobSearchList_LinkDetail&u_sr_id=GH775aZ8QFFYgt890QxyYDACv1PkrhtpqbEoezy7_1758751024,https://www.topcv.vn/cong-ty/cong-ty-tnhh-truong-doanh-nhan-hbr/165142.html,https://www.topcv.vn/tim-viec-lam-lap-trinh-nhung?sba=1,"Mô tả công việc - Tham gia vào quá trình phát triển và tối ưu cho sản phẩm chú trọng các công việc về thiết kế các thành phần của phần mềm. - Phân tích yêu cầu và xây dựng đặc tả (System Requirement Spec). - Thiết kế HLD (High Level Design) cho phần mềm. - Thiết kế LLD cho các module thành phần. Yêu cầu ứng viên - Tốt nghiệp Đại học chuyên ngành CNTT hoặc ĐTVT - Có ít nhất 3 năm kinh nghiệm làm về phần mềm nhúng Linux, MCU hoặc Android Yêu cầu bắt buộc: - Thành thạo với cấu trúc system files của hệ điều hành Linux. - Thành thạo về lập trình C cơ bản: Makefile, biến, mảng, con trỏ, cấp phát bộ nhớ, File, List, Socket, Timer, Lock, Shared memory, Thread,... - Thành thạo việc sử dụng cross-compiler. - Có kinh nghiệm ngôn ngữ kịch bản: Shell script,... - Có kinh nghiệm lập trình với các drivers cho các phần cứng như: Wireless, USB, Flash, điều khiển I/O,... - Có kinh nghiệm lập trình Web cấu hình của thiết bị nhúng sử dụng HTML, CSS và JS. - Có kiến thức về Kernel Networking Data Path. - C",,,
Embedded Software Engineer (1 Year Contractor),CÔNG TY TNHH ASIA PLUS VIỆT NAM,https://www.topcv.vn/viec-lam/embedded-software-engineer-1-year-contractor/1886733.html?ta_source=JobSearchList_LinkDetail&u_sr_id=GH775aZ8QFFYgt890QxyYDACv1PkrhtpqbEoezy7_1758751024,https://www.topcv.vn/cong-ty/cong-ty-tnhh-asia-plus-viet-nam/189943.html,https://www.topcv.vn/tim-viec-lam-lap-trinh-nhung?sba=1,"Mô tả công việc This position will be contracted through Bosch’s external vendor under a one-year agreement. Develop and maintain embedded software for automotive systems, based on AUTOSAR Classic. Collaborate with cross-functional teams to ensure seamless integration of software components. Conduct code reviews and ensure best practices are followed in software development. Optimize software performance and memory usage for resource-constrained embedded systems. Develop and execute unit tests and integration tests to ensure software quality and reliability. Troubleshoot and debug complex software issues in embedded automotive systems. Participate in the full software development lifecycle, from requirements analysis to deployment and maintenance. Stay updated with the latest AUTOSAR specifications and implement compliant software solutions. Contribute to the development of software architecture and design documents. Collaborate with hardware engineers to ensure optimal software-hardwa",,,
Trưởng Bộ Phận Phát Triển Phần Mềm Nhúng,CÔNG TY TNHH SOFTFLEX LLC,https://www.topcv.vn/viec-lam/truong-bo-phan-phat-trien-phan-mem-nhung/1848615.html?ta_source=JobSearchList_LinkDetail&u_sr_id=GH775aZ8QFFYgt890QxyYDACv1PkrhtpqbEoezy7_1758751024,https://www.topcv.vn/cong-ty/cong-ty-tnhh-softflex-llc/193482.html,https://www.topcv.vn/tim-viec-lam-lap-trinh-nhung?sba=1,"Mô tả công việc Quản lý và dẫn dắt đội ngũ kỹ sư firmware (3–10 người), phân công công việc, kiểm soát tiến độ và đảm bảo chất lượng dự án. Thiết kế kiến trúc firmware cho các sản phẩm gia dụng thông minh: bếp từ, tủ lạnh, điều hòa, bình nóng lạnh. Phát triển và tối ưu firmware liên quan đến điều khiển công suất, cảm biến, giao tiếp người dùng (UI), kết nối IoT (Wi-Fi, BLE, MQTT). Đảm bảo firmware ổn định, an toàn, tiết kiệm năng lượng, tương thích với phần cứng do đội Hardware phát triển. Phối hợp với Hardware, QA, Product Manager để phát triển sản phẩm từ ý tưởng đến thương mại hóa. Xây dựng và duy trì coding standard, code review, unit test, CI/CD pipeline. Đào tạo, mentor kỹ sư firmware trong team, nâng cao năng lực chuyên môn và kỹ năng. Nghiên cứu, đánh giá công nghệ mới (MCU, RTOS, giao thức IoT) để ứng dụng vào sản phẩm. Báo cáo tiến độ, rủi ro và đề xuất giải pháp cho Ban giám đốc. Yêu cầu ứng viên Kỹ năng chuyên môn Tốt nghiệp đại học chuyên ngành: Điện tử, Tự động hóa, CNTT,",,,
www.topcv.vn,,https://www.topcv.vn/viec-lam/firmware-engineer/1842077.html?ta_source=JobSearchList_LinkDetail&u_sr_id=GH775aZ8QFFYgt890QxyYDACv1PkrhtpqbEoezy7_1758751024,,https://www.topcv.vn/tim-viec-lam-lap-trinh-nhung?sba=1,,,,
www.topcv.vn,,https://www.topcv.vn/viec-lam/tro-ly-ung-dung-ai-domain-erp-edtech-senior-ba/1883817.html?ta_source=JobSearchList_LinkDetail&u_sr_id=GH775aZ8QFFYgt890QxyYDACv1PkrhtpqbEoezy7_1758751024,,https://www.topcv.vn/tim-viec-lam-lap-trinh-nhung?sba=1,,,,
Chuyên Viên Phân Tích Công Nghệ/Middle BA,VNPT Technology - Công ty Cổ phần Công nghệ Công nghiệp Bưu chính viễn thông,https://www.topcv.vn/viec-lam/chuyen-vien-phan-tich-cong-nghe-middle-ba/1883006.html?ta_source=JobSearchList_LinkDetail&u_sr_id=GH775aZ8QFFYgt890QxyYDACv1PkrhtpqbEoezy7_1758751024,https://www.topcv.vn/cong-ty/vnpt-technology-cong-ty-co-phan-cong-nghe-cong-nghiep-buu-chinh-vien-thong/23782.html,https://www.topcv.vn/tim-viec-lam-lap-trinh-nhung?sba=1,"Mô tả công việc 1. Nghiên cứu & Đề xuất công cụ AI Khảo sát, đánh giá và lựa chọn các công cụ AI phù hợp cho từng phòng ban. Đưa ra đề xuất tối ưu dựa trên hiệu quả, chi phí và khả năng ứng dụng thực tế. 2. Thử nghiệm & Đóng gói giải pháp Thiết kế quy trình thử nghiệm AI theo từng nghiệp vụ cụ thể. Phối hợp cùng các team liên quan để test, lấy feedback và tinh chỉnh trước khi triển khai chính thức. 3. Theo dõi tiến độ & Tối ưu ứng dụng AI Làm việc trực tiếp với các lead phòng ban để đảm bảo tiến độ triển khai theo kế hoạch. Báo cáo định kỳ, đánh giá hiệu quả và đề xuất cải tiến kịp thời. 4. Đóng gói & Triển khai cho khách hàng Hoàn thiện quy trình AI nội bộ trước khi thương mại hóa sản phẩm. Đồng hành cùng team Kinh doanh trong việc giới thiệu, triển khai cho khách hàng. Hỗ trợ khách hàng sử dụng, ghi nhận phản hồi để tối ưu sản phẩm. 5. Báo cáo & Phát triển sản phẩm Cập nhật tiến độ nghiên cứu, thử nghiệm và triển khai hàng tuần. Đánh giá hiệu quả thực thi, đưa ra định hướng tiếp theo",,,
www.topcv.vn,,https://www.topcv.vn/viec-lam/tro-ly-cong-nghe-senior-ba/1882982.html?ta_source=JobSearchList_LinkDetail&u_sr_id=GH775aZ8QFFYgt890QxyYDACv1PkrhtpqbEoezy7_1758751024,,https://www.topcv.vn/tim-viec-lam-lap-trinh-nhung?sba=1,,,,
www.topcv.vn,,https://www.topcv.vn/viec-lam/senior-embedded-engineer-signing-bonus-up-to-60m/1880014.html?ta_source=JobSearchList_LinkDetail&u_sr_id=GH775aZ8QFFYgt890QxyYDACv1PkrhtpqbEoezy7_1758751024,,https://www.topcv.vn/tim-viec-lam-lap-trinh-nhung?sba=1,,,,
Senior Embedded Engineer,CÔNG TY TNHH MIJO CONNECTED VIETNAM,https://www.topcv.vn/viec-lam/senior-embedded-engineer/1876454.html?ta_source=JobSearchList_LinkDetail&u_sr_id=GH775aZ8QFFYgt890QxyYDACv1PkrhtpqbEoezy7_1758751024,https://www.topcv.vn/cong-ty/cong-ty-tnhh-mijo-connected-vietnam/235474.html,https://www.topcv.vn/tim-viec-lam-lap-trinh-nhung?sba=1,"Mô tả công việc Are you passionate about embedded systems and excited about building the future of autonomous vehicles? Join Kaii Soft, a dynamic software company partnering with top-tier Korean firms to develop cutting-edge embedded systems for self-driving cars. We’re looking for experienced Embedded Software Engineers who love problem-solving, working close to hardware, and growing in a global tech environment. What You’ll Do Develop Linux BSP (Board Support Package) based on Renesas ARM CPU Perform hardware bring-up, Linux porting, and bootloader setup (e.g., U-Boot) Develop Linux device drivers and integrate/test on real hardware Support documentation and collaborate cross-functionally Handle additional embedded tasks as assigned Yêu cầu ứng viên What We Expect Bachelor's degree in Computer Science, Information Technology, or related fields 5+ years of experience in embedded Linux, BSP, bootloaders, and driver development Strong skills in C/C++ and Python Experience with Yocto or ",,,
www.topcv.vn,,https://www.topcv.vn/viec-lam/team-lead-ky-su-phan-mem-nhung-phan-mem-thiet-bi-y-te-he-dieu-hanh-thoi-gian-thuc-phat-trien-ui/1857165.html?ta_source=JobSearchList_LinkDetail&u_sr_id=GH775aZ8QFFYgt890QxyYDACv1PkrhtpqbEoezy7_1758751024,,https://www.topcv.vn/tim-viec-lam-lap-trinh-nhung?sba=1,,,,
www.topcv.vn,,https://www.topcv.vn/viec-lam/truong-bo-phan-phat-trien-phan-mem-nhungfirmware/1869464.html?ta_source=JobSearchList_LinkDetail&u_sr_id=GH775aZ8QFFYgt890QxyYDACv1PkrhtpqbEoezy7_1758751024,,https://www.topcv.vn/tim-viec-lam-lap-trinh-nhung?sba=1,,,,
Trưởng Nhóm Lập Trình Nhúng IoT,Công ty Cổ phần Ứng dụng Bản đồ Việt,https://www.topcv.vn/viec-lam/truong-nhom-lap-trinh-nhung-iot/1868799.html?ta_source=JobSearchList_LinkDetail&u_sr_id=GH775aZ8QFFYgt890QxyYDACv1PkrhtpqbEoezy7_1758751024,https://www.topcv.vn/cong-ty/cong-ty-co-phan-ung-dung-ban-do-viet/128888.html,https://www.topcv.vn/tim-viec-lam-lap-trinh-nhung?sba=1,"Mô tả công việc • Trao đổi với phòng R&D cùng ban giám đốc thống nhất yêu cầu về phần mềm. • Lập kế hoạch phát triển phần mềm. • Hiểu biết và có khả năng triển khai các design parttern trong phần mềm. • Xây dựng thư viện lập trình nhúng. • Phân loại, lập hồ sơ các chương trình và phiên bản tương ứng. • Xây dựng và triển khai thí nghiệm đánh giá chương trình/thuật toán. • Xây dựng mô phỏng chương trình/thuật toán. • Đề xuất chương trình/Thuật toán cần thiết. • Cải tiến chương trình/Thuật toán. • Lập báo cáo về quá trình phát triển phần mềm/thuật toán. • Xây dựng cơ sở dữ liệu tài liệu hướng dẫn vận hành, bảo trì chương trình. • Bàn giao công việc, kết quả theo yêu cầu. • Đào tạo và phát triển nhân lực trong công việc liên quan. Yêu cầu ứng viên 1. Bằng cấp: Ứng viên tốt nghiệp Đại học trở lên các ngành Công nghệ thông tin, Khoa học máy tính, Kỹ thuật điều khiển và tự động hóa, Điện tử viễn thông, Điện - Điện tử,… hoặc các chuyên ngành có liên quan khác 2. Kiến thức: • Các giao thức kết ",,,
www.topcv.vn,,https://www.topcv.vn/viec-lam/c-c-developer/1512558.html?ta_source=JobSearchList_LinkDetail&u_sr_id=GH775aZ8QFFYgt890QxyYDACv1PkrhtpqbEoezy7_1758751024,,https://www.topcv.vn/tim-viec-lam-lap-trinh-nhung?sba=1,,,,
www.topcv.vn,,https://www.topcv.vn/viec-lam/embedded-engineer/1829956.html?ta_source=JobSearchList_LinkDetail&u_sr_id=GH775aZ8QFFYgt890QxyYDACv1PkrhtpqbEoezy7_1758751024,,https://www.topcv.vn/tim-viec-lam-lap-trinh-nhung?sba=1,,,,
Embedded Solution Architect,Văn phòng đại diện Everfit Technologies Inc tại thành phố ĐàNẵng,https://www.topcv.vn/viec-lam/embedded-solution-architect/1830103.html?ta_source=JobSearchList_LinkDetail&u_sr_id=GH775aZ8QFFYgt890QxyYDACv1PkrhtpqbEoezy7_1758751024,https://www.topcv.vn/cong-ty/van-phong-dai-dien-everfit-technologies-inc-tai-thanh-pho-danang/131746.html,https://www.topcv.vn/tim-viec-lam-lap-trinh-nhung?sba=1,"Mô tả công việc ABOUT FPT SOFTWARE FPT Software, a subsidiary of FPT Group, is a leading global IT service provider headquartered in Vietnam. With 33,000+ employees in 88 offices across 30 countries, we serve 1,100+ clients, including 96 Fortune 500 companies. We believe diversity fuels innovation and strive to create an inclusive workplace where talents of all backgrounds thrive. We welcome expatriates and international professionals to bring fresh perspectives and help shape the future of technology. RESPONSIBILITIES • You will take part in multi-million project for high-profile customer, which are automotive industry leaders Japan. • You will design solutions for embedded software used in a car such as Autosar software. • You have a great career advance to expand your horizon not only in automotive industry but also the international working experience. Yêu cầu ứng viên Technical Expertise • 5+ years experience in Embedded C programming on ARM Cortex-M4/M7 microcontrollers • 3+ year",,,
www.topcv.vn,,https://www.topcv.vn/viec-lam/embedded-linux-engineer-bsp/1809847.html?ta_source=JobSearchList_LinkDetail&u_sr_id=GH775aZ8QFFYgt890QxyYDACv1PkrhtpqbEoezy7_1758751024,,https://www.topcv.vn/tim-viec-lam-lap-trinh-nhung?sba=1,,,,
www.topcv.vn,,https://www.topcv.vn/viec-lam/embedded-c-engineer/1863495.html?ta_source=JobSearchList_LinkDetail&u_sr_id=GH775aZ8QFFYgt890QxyYDACv1PkrhtpqbEoezy7_1758751024,,https://www.topcv.vn/tim-viec-lam-lap-trinh-nhung?sba=1,,,,
Intern Hardware/Embedded Engineer,Pro CÔNG TY CỔ PHẦN DỊCH VỤ CÔNG NGHỆ TIN HỌC HPT,https://www.topcv.vn/viec-lam/intern-hardware-embedded-engineer/1884365.html?ta_source=JobSearchList_LinkDetail&u_sr_id=GH775aZ8QFFYgt890QxyYDACv1PkrhtpqbEoezy7_1758751024,https://www.topcv.vn/cong-ty/cong-ty-co-phan-dich-vu-cong-nghe-tin-hoc-hpt/141408.html,https://www.topcv.vn/tim-viec-lam-lap-trinh-nhung?sba=1,"Mô tả công việc Công ty TNHH Casso mang đến cơ hội thực tập cho các bạn trẻ đam mê công nghệ, đặc biệt trong lĩnh vực lập trình nhúng, IoT và Robotics. Chương trình hướng đến việc tìm kiếm, đào tạo và “ươm mầm” những tài năng có tiềm năng trở thành Kỹ sư phát triển giải pháp IoT & Robotics trong tương lai. Tại đây, bạn sẽ đồng hành cùng Casso trong việc nghiên cứu, thiết kế và triển khai các sản phẩm phần cứng, hệ thống nhúng, ứng dụng tự động hóa tiên phong tại Việt Nam và khu vực Đông Nam Á. Mô tả công việc: - Hỗ trợ team và mentor triển khai các project IoT/Robotics: từ thiết kế, lập trình firmware, đến kiểm thử phần cứng. - Có cơ hội tham gia trực tiếp vào các dự án POC: đưa ra giải pháp kỹ thuật, kiểm thử thiết bị và đề xuất cải tiến. - Nghiên cứu, phân tích hiệu năng hệ thống, tối ưu code nhúng và tài nguyên thiết bị. Yêu cầu ứng viên - Sinh viên năm 3-4 hoặc mới tốt nghiệp các ngành: Khoa học máy tính, Kỹ thuật máy tính, Điện – Điện tử, Cơ điện tử, Tự động hóa, IoT Embedded Syst",,,
www.topcv.vn,,https://www.topcv.vn/viec-lam/embedded-linux-engineer-ky-su-lap-trinh-nhung/1479744.html?ta_source=JobSearchList_LinkDetail&u_sr_id=GH775aZ8QFFYgt890QxyYDACv1PkrhtpqbEoezy7_1758751024,,https://www.topcv.vn/tim-viec-lam-lap-trinh-nhung?sba=1,,,,
Fresher Embedded,CÔNG TY TNHH MIJO CONNECTED VIETNAM,https://www.topcv.vn/viec-lam/fresher-embedded/1843141.html?ta_source=JobSearchList_LinkDetail&u_sr_id=GH775aZ8QFFYgt890QxyYDACv1PkrhtpqbEoezy7_1758751024,https://www.topcv.vn/cong-ty/cong-ty-tnhh-mijo-connected-vietnam/235474.html,https://www.topcv.vn/tim-viec-lam-lap-trinh-nhung?sba=1,"Mô tả công việc - FPT Software HCM đang tìm kiếm các bạn sinh viên sắp ra trường để tham gia vào các dự án phát triển phần mềm với quy mô lớn. - Có cơ hội học tập và làm việc trong các dự án thực tế với các khách hàng lớn của công ty đến từ Nhật Bản, Hàn Quốc, Trung Quốc, Mỹ… - Được tham gia khóa đào tạo chuyên sâu về lập trình Embedded từ 3-6 tháng Yêu cầu ứng viên - Sinh viên đã hoặc sắp tốt nghiệp chuyên ngành Hệ thống nhúng, Khoa học máy tính, Điện tử-Tự động hóa, hoặc các chuyên ngành liên quan,… - Có background về C/C++/Embedded tốt - Có kinh nghiệm về MCU như STM32, PIC, NXP,... là một lợi thế - Tư duy lập trình, kỹ năng giải quyết vấn đề tốt - Tham gia đào tạo/làm việc Full-time từ Thứ 2 - Thứ 6 (8h00-17h00) - Tiếng Anh tương đương Toeic 650 trở lên hoặc Tiếng Nhật tương đương N3+ trở lên Quyền lợi - Sau đào tạo có cơ hội trở thành nhân viên chính thức tại FPT Software - Trải nghiệm văn hóa đặc trưng, môi trường làm việc hiện đại bậc nhất Việt Nam tại các Campus của FPT Softwar",,,
Embedded Linux Engineer - Signing Bonus Up To 60M,NashTech,https://www.topcv.vn/viec-lam/embedded-linux-engineer-signing-bonus-up-to-60m/1695828.html?ta_source=JobSearchList_LinkDetail&u_sr_id=GH775aZ8QFFYgt890QxyYDACv1PkrhtpqbEoezy7_1758751024,https://www.topcv.vn/cong-ty/nashtech/7268.html,https://www.topcv.vn/tim-viec-lam-lap-trinh-nhung?sba=1,"Mô tả công việc ABOUT COMPANY At FPT Software, we believe that diversity drives innovation. We are dedicated to creating an inclusive environment where people from all backgrounds, nationalities, ethnicities, genders, and abilities can thrive. We actively seek diverse talent, including expatriates, to enrich our team with unique perspectives that will contribute to our continued growth and success. Our commitment to equity ensures that all employees have the resources and support they need to excel. If you’re an expatriate or international professional seeking an inclusive, global workplace, we encourage you to apply and help us shape the future of technology together. JOB OVERVIEW • We are a dynamic and innovative outsourcing team dedicated to delivering high-quality software solutions for our clients. Our team specializes in embedded systems and networking, working on cutting-edge projects for leading broadband companies. We pride ourselves on fostering a collaborative and supportive",,,
www.topcv.vn,,https://www.topcv.vn/viec-lam/embedded-engineer/1878871.html?ta_source=JobSearchList_LinkDetail&u_sr_id=GH775aZ8QFFYgt890QxyYDACv1PkrhtpqbEoezy7_1758751024,,https://www.topcv.vn/tim-viec-lam-lap-trinh-nhung?sba=1,,,,
Kỹ Sư Nhúng,Công ty Cổ phần Tập đoàn Song Nam,https://www.topcv.vn/viec-lam/ky-su-nhung/1876400.html?ta_source=JobSearchList_LinkDetail&u_sr_id=GH775aZ8QFFYgt890QxyYDACv1PkrhtpqbEoezy7_1758751024,https://www.topcv.vn/cong-ty/cong-ty-co-phan-tap-doan-song-nam/145985.html,https://www.topcv.vn/tim-viec-lam-lap-trinh-nhung?sba=1,"Mô tả công việc Lập trình hệ thống nhúng cho vi điều khiển, máy tính nhúng (Lập trình BSP (board support package), lập trình giao thức truyền thông cho RS485, CAN, mạng không dây (Wifi, Lora, BT,…), lập trình hệ thống logic vận hành, thuật toán điều khiển, giao diện người dùng). Thiết kế PCB cho các mạch điều khiển logic, mạch bảo vệ cho AGV. Thiết kế hệ thống điện cho AGV và các hệ thống tự động hóa khác (thiết kế bản vẽ kỹ thuật điện, tổng hợp vật tư, theo dõi sản xuất sản phẩm mẫu). Phối hợp làm việc với các bộ phận khác trong quá trình nghiên cứu, chế tạo, thử nghiệm, cải tiến sản phẩm, sản xuất. Các công việc khác theo yêu cầu của cấp trên trực tiếp và Ban Giám đốc. Yêu cầu ứng viên Thành thạo lập trình C/C++ Ưu tiên am hiểu kiến trúc vi điều khiển, có kinh nghiệm sử dụng các ngoại vi như UART, I2C, SPI, CAN,… Có kiến thức lập trình, xử lý đa luồng trên FreeRTOS, multi-thread, multi-process trên Linux. Am hiểu về các bộ điều khiển phổ biến như PID, Fuzzy Logic,…. Có kiến thức về b",,,
Fresher C/Embedded,Công ty Cổ phần Công nghệ Pavana,https://www.topcv.vn/viec-lam/fresher-c-embedded/1795808.html?ta_source=JobSearchList_LinkDetail&u_sr_id=GH775aZ8QFFYgt890QxyYDACv1PkrhtpqbEoezy7_1758751024,https://www.topcv.vn/cong-ty/cong-ty-co-phan-cong-nghe-pavana/73611.html,https://www.topcv.vn/tim-viec-lam-lap-trinh-nhung?sba=1,"Mô tả công việc FPT Software Hà Nội cần tuyển 15 Fresher Foundation Automotive tham gia Chương trình đào tạo tân binh và làm việc trực tiếp tại các dự án hàng đầu trong lĩnh vực Automative – Nhóm Phần mềm chịu trách nhiệm phát triển phần mềm cho các sản phẩm ô tô. Thiết kế và phát triển các thành phần phần mềm nhúng; làm việc với các nhóm kiến ​​trúc để tạo ra các thành phần phần mềm có thể sử dụng lại, tài liệu hỗ trợ và hướng dẫn tích hợp... Chương trình đào tạo tân binh Fresher Foundation Automotive là chương trình được xây dựng nhằm giúp các tân binh của FPT Software có cơ hội tìm hiểu và hệ thống lại các kiến thức C/ Embedded, Autosar và học hỏi quy trình phát triển phần mềm trước khi tham gia vào các dự án thực tế trong lĩnh vực Automative. Nội dung khóa học bao gồm các phần: Lập trình C/C++ Làm việc với ngôn ngữ lập trình C, C++, OOP, thao tác file, con trỏ, sử dụng structure, hiểu cấu trúc dữ liệu và giải thuật. Làm việc với Visual Studio/Code: Block to create applications, pro",,,
Embedded Android AOSP Developer,Công ty Cổ Phần Bản Viên,https://www.topcv.vn/viec-lam/embedded-android-aosp-developer/1869313.html?ta_source=JobSearchList_LinkDetail&u_sr_id=GH775aZ8QFFYgt890QxyYDACv1PkrhtpqbEoezy7_1758751024,https://www.topcv.vn/cong-ty/cong-ty-co-phan-ban-vien/27248.html,https://www.topcv.vn/tim-viec-lam-lap-trinh-nhung?sba=1,"Mô tả công việc Build, configure, and maintain AOSP for custom hardware. Port BSPs, manage device trees, and debug build issues. Integrate drivers and HALs (display, audio, sensors, connectivity). Modify Android framework and system services. Customize and cross-compile Linux kernels and modules. Use adb, fastboot, logcat, dmesg, perf, gdb, and strace for debugging Yêu cầu ứng viên 3+ years AOSP/embedded Android/Linux development. Experience in C, C++, Java, Kotlin. Experience with Soong, Make, repo, Gerrit Skilled in hardware bring-up, HAL integration, and kernel customization. Proficient with system debugging tools and scripting. Bachelor’s or Master’s degree in Computer Science, Electronics, or related field. Preferred Experience: Experience with Qualcomm, MediaTek, or Rockchip SoCs. Knowledge of CTS/VTS/GTS, SELinux, Verified Boot. Experience with WearOS. Quyền lợi Competitive Salary (Up to 5,000 USD - based on your level) Full statutory social, and unemployment insurance. Premium ",,,
Senior Embedded Autosar Engineer - Signing Bonus Up To 60M,NashTech,https://www.topcv.vn/viec-lam/senior-embedded-autosar-engineer-signing-bonus-up-to-60m/1830019.html?ta_source=JobSearchList_LinkDetail&u_sr_id=GH775aZ8QFFYgt890QxyYDACv1PkrhtpqbEoezy7_1758751024,https://www.topcv.vn/cong-ty/nashtech/7268.html,https://www.topcv.vn/tim-viec-lam-lap-trinh-nhung?sba=1,"Mô tả công việc ABOUT COMPANY At FPT Software, we believe that diversity drives innovation. We are dedicated to creating an inclusive environment where people from all backgrounds, nationalities, ethnicities, genders, and abilities can thrive. We actively seek diverse talent, including expatriates, to enrich our team with unique perspectives that will contribute to our continued growth and success. Our commitment to equity ensures that all employees have the resources and support they need to excel. If you’re an expatriate or international professional seeking an inclusive, global workplace, we encourage you to apply and help us shape the future of technology together. RESPONSIBILITIES As successful candidates • You will take part in multi-million project for high-profile customer. • You will design solution for embedded software used in a car such as Autosar software. • You have a great career advance to expand your horizon not only in automotive industry but also the international wo",,,
www.topcv.vn,,https://www.topcv.vn/viec-lam/ki-su-it-nhung/1375749.html?ta_source=JobSearchList_LinkDetail&u_sr_id=GH775aZ8QFFYgt890QxyYDACv1PkrhtpqbEoezy7_1758751024,,https://www.topcv.vn/tim-viec-lam-lap-trinh-nhung?sba=1,,,,
Embedded Engineer (Compiler),CÔNG TY TNHH MIJO CONNECTED VIETNAM,https://www.topcv.vn/viec-lam/embedded-engineer-compiler/1865358.html?ta_source=JobSearchList_LinkDetail&u_sr_id=GH775aZ8QFFYgt890QxyYDACv1PkrhtpqbEoezy7_1758751024,https://www.topcv.vn/cong-ty/cong-ty-tnhh-mijo-connected-vietnam/235474.html,https://www.topcv.vn/tim-viec-lam-lap-trinh-nhung?sba=1,"Mô tả công việc • Participate in the development, maintenance, and optimization of compiler tools. • Collaborate with senior engineers to implement features, fix bugs, and enhance compiler performance. • Assist in testing, debugging, and validating compiler functionalities. • Contribute to documentation and provide support for internal teams using compiler tools. Yêu cầu ứng viên MUST HAVE • Bachelor’s Degree or above in Electronic Engineering, Telecommunication, Computer Science, Computer Engineering, Automation, Information Technology or equivalent. • At least 1 year of experience at the same field. • Strong knowledge of C/C++ and Assembly language. • Familiar with source code management tools such as SVN and Git. • Basic understanding of IDEs and compiler concepts. • Good communication skills and ability to work effectively in a team. • Good English skills (both verbal and written). • Commitment to long-term collaboration and work stability. Quyền lợi • 13th Salary + Performance Bon",,,
Embedded Linux Engineer,Công ty Cổ Phần Bản Viên,https://www.topcv.vn/viec-lam/embedded-linux-engineer/1687660.html?ta_source=JobSearchList_LinkDetail&u_sr_id=GH775aZ8QFFYgt890QxyYDACv1PkrhtpqbEoezy7_1758751024,https://www.topcv.vn/cong-ty/cong-ty-co-phan-ban-vien/27248.html,https://www.topcv.vn/tim-viec-lam-lap-trinh-nhung?sba=1,"Mô tả công việc RZ/G1 VLP/ VLP64 Maintenance Every 03 months, update CIP kernel (4.4.x, 4.4.x-RT, 5.10.x, 5.10.x-RT) to G1, G2 series. Disclose the package to GitHub public. Update HMI/QtHMI demo, sample apps, Application Development Package if impacted by CIP kernel update. System Integration, Technical review, Answer customer technical questions. Upstream/Backport bug-fixes. RZ/G2L BSP Development Port u-boot, CIP kernel (4.19.x, 4.19.x-RT, 5.10.x, 5.10.x-RT), Drivers (New, A2M, Zeus, V3U, etc. based), Basic libs(cip-core), ECC to G2L series and V2L. Low power mode. Integrate MMP, GStreamers, Qt. Disclose the package to GitHub public. System Integration (Yocto 3.1), Technical review, Answer customer technical questions. Upstream/Backport bug-fixes. RZ/G VLP Automation/Tool IT for BSP drivers, ST, LTP, Khronos Conformance Test, Qt test, Web-Platform-Testing, Draw Elements Quality Program (dEQP), Performance test for HTML5. Benchmark. Build Automation CI/CD/Test env (LAVA, R-Car Automa",,,
www.topcv.vn,,https://www.topcv.vn/viec-lam/embedded-automation-engineer/1537249.html?ta_source=JobSearchList_LinkDetail&u_sr_id=GH775aZ8QFFYgt890QxyYDACv1PkrhtpqbEoezy7_1758751024,,https://www.topcv.vn/tim-viec-lam-lap-trinh-nhung?sba=1,,,,
"Embedded Systems Engineer (MCU, RTOS, Linux OS)",Công ty Cổ Phần Bản Viên,https://www.topcv.vn/viec-lam/embedded-systems-engineer-mcu-rtos-linux-os/1448528.html?ta_source=JobSearchList_LinkDetail&u_sr_id=GH775aZ8QFFYgt890QxyYDACv1PkrhtpqbEoezy7_1758751024,https://www.topcv.vn/cong-ty/cong-ty-co-phan-ban-vien/27248.html,https://www.topcv.vn/tim-viec-lam-lap-trinh-nhung?sba=1,"Mô tả công việc A Microcontroller Unit (MCU) controls many functions in modern cars today. As an Embedded Systems Engineer, you will have the chance to experience the full development cycle including requirement analysis, driver/software design, coding, and testing. In practice, you will focus on a specific phase and module within the MCU and look to increase your technical proficiency and domain experience. Yêu cầu ứng viên MUST HAVE Bachelor’s Degree or above in Electronic Engineering, Telecommunication, Computer Science, Computer,... Strong in C/C++ programming for Embedded Development. Experience in communication protocols (e.g., SPI, LIN, CAN, FR, ETH, etc.) and MCU peripheral devices (e.g., EEPROM, Flash, etc.). Experienced with firmware development and implementing hardware drivers and low-level code for device registers for microcontroller platforms. Experienced with Stack, Queues, Pipeline, Socket, Boot loader, secure boot. Experienced with embedded software development, Linux",,,
"Embedded Engineer (AUTOSAR, CAN Tools, BSW)",Công ty Cổ Phần Bản Viên,https://www.topcv.vn/viec-lam/embedded-engineer-autosar-can-tools-bsw/1448538.html?ta_source=JobSearchList_LinkDetail&u_sr_id=GH775aZ8QFFYgt890QxyYDACv1PkrhtpqbEoezy7_1758751024,https://www.topcv.vn/cong-ty/cong-ty-co-phan-ban-vien/27248.html,https://www.topcv.vn/tim-viec-lam-lap-trinh-nhung?sba=1,"Mô tả công việc Design and implement AUTOSAR-based software; configure BSW modules (MCAL, COM, DCM, etc.), RTE, and SWC mapping. Develop low-level drivers and integrate communication stacks (CAN, LIN, UDS, Ethernet). Perform unit/integration testing and maintain CI/CD pipelines. Use tools like CANoe, CAPL, Polyspace to ensure compliance (MISRA, ISO 26262). Debug, analyze failures, and collaborate across teams. Document designs, conduct code reviews, and support system integration. Yêu cầu ứng viên MUST HAVE Strong in C/C++ programming for Embedded Software with Debugger Environment. Good in CANprotocol/ Diagnostic/ Microcontroller/ sensor/ IO/ Serial knowledge. Knowledge & experience in Automotive Domain and tools (CANoe, CANalyser & CAPL programming). Knowledge and experience in AUTOSAR. NICE TO HAVE Electronics/ Mechatronics/ Computer Engineering or relevant background. SW development in area of CAN, Diagnostics, Vehicle Functions, Automotive etc. OS Scheduler, Pre-emptive, Round rob",,,
www.topcv.vn,,https://www.topcv.vn/viec-lam/embedded-engineer-ide/1431638.html?ta_source=JobSearchList_LinkDetail&u_sr_id=GH775aZ8QFFYgt890QxyYDACv1PkrhtpqbEoezy7_1758751024,,https://www.topcv.vn/tim-viec-lam-lap-trinh-nhung?sba=1,,,,
Embedded Firmware Engineer,Công ty Cổ Phần Bản Viên,https://www.topcv.vn/viec-lam/embedded-firmware-engineer/1244583.html?ta_source=JobSearchList_LinkDetail&u_sr_id=GH775aZ8QFFYgt890QxyYDACv1PkrhtpqbEoezy7_1758751024,https://www.topcv.vn/cong-ty/cong-ty-co-phan-ban-vien/27248.html,https://www.topcv.vn/tim-viec-lam-lap-trinh-nhung?sba=1,"Mô tả công việc Firmware development for Hospitality Management System Involving in the full-phases development. Implementation, Integration, Unit Test, Failure & bugs report Analysis. Communicate with customers, coordinate team activities, and handle day-to-day work efficiently and independently Yêu cầu ứng viên MUST HAVE Strong in C/C++ programming for Embedded Software Development. Experience with communication protocols: SPI, I2C, CAN/CANFD, UART, etc. Experience with connectivity: WIFI, Bluetooth, LTE, GPS/GNSS, etc. Experienced with firmware development and implementing hardware drivers and low-level code for device. Registers for microcontroller platforms such as ESP32, STM32, NXP, IMX. Experienced with Stack, Queues, Pipeline, Socket, Boot loader, secure boot. Experienced with embedded software development, Linux OS, RTOS (OSEK, freeRTOS, TOCK, etc.). NICE TO HAVE Electronics/ Mechatronics/ Computer Engineering or relevant background. Experienced with: Simulink/Stateflow, Embed",,,
System Integration Firmware Engineer,Công ty Cổ phần MK Vision,https://www.topcv.vn/viec-lam/system-integration-firmware-engineer/1860167.html?ta_source=JobSearchList_LinkDetail&u_sr_id=GH775aZ8QFFYgt890QxyYDACv1PkrhtpqbEoezy7_1758751024,https://www.topcv.vn/cong-ty/cong-ty-co-phan-mk-vision/84575.html,https://www.topcv.vn/tim-viec-lam-lap-trinh-nhung?sba=1,"Mô tả công việc 1. Xây dựng firmware theo yêu cầu của Công ty và Khách hàng. - Xây dựng, phát triển và tích hợp các ứng dụng cho dự án liên quan lập trình nhúng. - Triển khai cài đặt, chẩn đoán, kiểm thử firmware và xử lý các lỗi firmware. 2. Nghiên cứu và đưa kết quả nghiên cứu theo yêu cầu . - Nghiên cứu, thiết kế và coding cho dự án liên quan lập trình nhúng, tích hợp chip AI; - Nghiên cứu công nghệ mới để nâng cao kỹ năng cá nhân cũng như để ứng dụng vào dự án. - Thiết kế, triển khai các thiết bị nhúng với cloud/server. Hỗ trợ bảo mật giao tiếp, xác thực, mã hóa dữ liệu thông tin. 3. Hỗ trợ bộ phận kinh doanh và tư vấn khách hàng. 4. Thực hiện các công việc khác theo sự phân công của trưởng bộ phận. Yêu cầu ứng viên Yêu cầu chuyên môn - Bằng cử nhân trở lên về điện tử, truyền thông, công nghệ thông tin hoặc chuyên ngành liên quan đến máy tính; - Kỹ năng lập trình C/C++, Python; - Có kinh nghiệm lập trình phát triển phần mềm trên Linux - Có tư duy lập trình tốt, biết mô tả luồng dữ ",,,
www.topcv.vn,,https://www.topcv.vn/viec-lam/system-integration-firmware-engineer/1859948.html?ta_source=JobSearchList_LinkDetail&u_sr_id=GH775aZ8QFFYgt890QxyYDACv1PkrhtpqbEoezy7_1758751024,,https://www.topcv.vn/tim-viec-lam-lap-trinh-nhung?sba=1,,,,
Kỹ Sư Embedded Firmware Sơ Cấp,VNPT Technology - Công ty Cổ phần Công nghệ Công nghiệp Bưu chính viễn thông,https://www.topcv.vn/viec-lam/ky-su-embedded-firmware-so-cap/1816068.html?ta_source=JobSearchList_LinkDetail&u_sr_id=GH775aZ8QFFYgt890QxyYDACv1PkrhtpqbEoezy7_1758751024,https://www.topcv.vn/cong-ty/vnpt-technology-cong-ty-co-phan-cong-nghe-cong-nghiep-buu-chinh-vien-thong/23782.html,https://www.topcv.vn/tim-viec-lam-lap-trinh-nhung?sba=1,"Mô tả công việc Tham gia vào các dự án phát triển các thiết bị và hệ thống phân tích quang học. Thiết kế, phân tích và thử nghiệm phần mềm nhúng. Thực hiện phát triển bằng Breadboards và sản phẩm mẫu. Cung cấp hỗ trợ các kỹ thuật liên quan trong quá trình phát triển và thực hiện các dự án kỹ thuật (kỹ thuật dự án và quản lý dự án bán thời gian). Phối hợp với các kĩ sư thuộc các lĩnh vực khác để giải quyết các vấn đề kĩ thuật phức tạp. Ngoài ra, bao gồm các nhiệm vụ khác như chuẩn bị tài liệu kỹ thuật và báo cáo, đề xuất, các thuyết trình và các tài liệu khác, đảm nhận các dự án, nghiên cứu các khái niệm sản phẩm mới, cũng như các nhiệm vụ khác theo yêu cầu. Yêu cầu ứng viên Bằng cử nhân Đại học trong các lĩnh vực Điện tử, Điện tử Viễn thông, hoặc lĩnh vực khác liên quan. Chấp nhận sinh viên mới ra trường chưa có kinh nghiệm, Công ty sẽ đào tạo lại. Có kinh nghiệm từ 1 – 2 năm trong lĩnh vực liên quan. Nắm vững kiến thức về ngôn ngữ lập trình C. Có kiến thức về nền tảng vi xử lý, vi điề",,,
Thực Tập Kỹ Sư Lập Trình Embedded/IoT,Công ty Cổ phần Công nghệ Pavana,https://www.topcv.vn/viec-lam/thuc-tap-ky-su-lap-trinh-embedded-iot/1586469.html?ta_source=JobSearchList_LinkDetail&u_sr_id=GH775aZ8QFFYgt890QxyYDACv1PkrhtpqbEoezy7_1758751024,https://www.topcv.vn/cong-ty/cong-ty-co-phan-cong-nghe-pavana/73611.html,https://www.topcv.vn/tim-viec-lam-lap-trinh-nhung?sba=1,"Mô tả công việc Thực tập (giai đoạn trước khi tham gia dự án thực tế) về phát triển các hệ thống Embedded, AIoT như: thiết bị quan trắc - điều khiển, hệ thống truyền thông, camera thông minh, thiết bị y tế ... Lập trình cho các thiết bị edge devices (như Raspberry Pi, ESP32, Jetson Nano) và tính toán tại cloud (như AWS) Tham gia vào các quá trình từ thiết kế, phát triển, kiểm thử đến triển khai hệ thống phần cứng và phần mềm Tiếp cận, nghiên cứu, ứng dụng các công nghệ mới về AI, Edge Computing, IoT Thực tập xây dựng tài liệu báo cáo, quản lý dự án Yêu cầu ứng viên Có kinh nghiệm lập trình ngôn ngữ C/C++/C#, Python tối thiểu 06 tháng và khả năng học hỏi nhanh Tốt nghiệp đại học các chuyên ngành Điện - Điện tử, Cơ – Điện tử, CNTT, Kỹ thuật máy tính với tư duy lập trình tốt Có kinh nghiệm lập trình với ít nhất một loại thuộc MCU, SoC hay SoM như: Rasp Pi, ESP32, Jetson Nano, Zynq, ... Có khả năng hàn, lắp mạch điện tử Ưu tiên ứng viên biết tiếng Nhật Lợi thế: Có hiểu biết về Embedded Lin",,,
"Thiết Kế Phần Mềm (Có Kinh Nghiệm C++, C#, Python)",Pro Nhà Máy Sữa Đậu Nành Vinasoy Bắc Ninh (VNB),https://www.topcv.vn/viec-lam/thiet-ke-phan-mem-co-kinh-nghiem-c-c-python/1729099.html?ta_source=JobSearchList_LinkDetail&u_sr_id=GH775aZ8QFFYgt890QxyYDACv1PkrhtpqbEoezy7_1758751024,https://www.topcv.vn/cong-ty/nha-may-sua-dau-nanh-vinasoy-bac-ninh-vnb/50430.html,https://www.topcv.vn/tim-viec-lam-lap-trinh-nhung?sba=1,"Mô tả công việc - Quản lý và bảo trì phần mềm đo lường tự động - Xử lý lỗi xảy ra trên dây chuyền sản xuất liên quan đến phần mềm đo lường tự động - Triển khai các tính năng mới và sửa lỗi phần mềm - Phát triển phần mềm mới cho sản xuất tự động hóa - Đối ứng khách hàng Yêu cầu ứng viên - Có kinh nghiệm lập trình C++ (MFC) - Có kinh nghiệm lập trình C# (Winform, WPT ...) - Có kinh nghiệm lập trình Python - Có kinh nghiệm Oracle... và kinh nghiệm liên quan đến DB (ưu tiên) - Hiểu về giao thức truyền thông Serial (RS232), TCP/IP, VISA, GPIB, Modbus và phát triển - Có kinh nghiệm sửa dụng các công cụ đo lường RF (Network Analyzer, Spectrum Analyzer, Signal Generator...) (ưu tiên) - Tốt nghiệp các chuyên ngành điện tử, kỹ thuật vô tuyến (Sóng điện từ), kỹ thuật phần mềm - Yêu cầu Tiếng Anh giao tiếp hoặc Tiếng Hàn giao tiếp Quyền lợi - Công ty cung cấp xe đưa đón nhân viên miễn phí từ nội thành Hà Nội - Công ty cung cấp máy tính làm việc - Công ty cung cấp suất ăn miễn phí tại canteen công ",,,
www.topcv.vn,,https://www.topcv.vn/viec-lam/ky-su-lap-trinh-nhung/1759150.html?ta_source=JobSearchList_LinkDetail&u_sr_id=GH775aZ8QFFYgt890QxyYDACv1PkrhtpqbEoezy7_1758751024,,https://www.topcv.vn/tim-viec-lam-lap-trinh-nhung?sba=1,,,,
